CustomerID,Gender,Age,Tenure,Balance,NumOfProducts,HasCrCard,IsActiveMember,EstimatedSalary,Churn
CUST0001,Male,56.0,4.0,0.0,4.0,0.0,0.0,40282.42,1.0
CUST0002,,28.0,8.0,67408.01,4.0,0.0,1.0,27333.51,0.0
CUST0003,Female,47.0,6.0,1154.97,1.0,0.0,1.0,99514.91,1.0
CUST0004,Male,42.0,1.0,0.0,2.0,1.0,1.0,146588.22,0.0
CUST0005,Male,64.0,3.0,77109.94,4.0,0.0,0.0,131792.25,0.0
CUST0006,Male,26.0,7.0,0.0,4.0,1.0,1.0,70104.15,1.0
CUST0007,Male,19.0,4.0,48964.07,3.0,1.0,0.0,128315.34,1.0
CUST0008,Male,34.0,4.0,37264.98,2.0,1.0,1.0,47032.42,0.0
CUST0009,Female,46.0,2.0,155251.43,2.0,1.0,1.0,97727.0,0.0
CUST0010,Male,25.0,7.0,104646.02,4.0,0.0,1.0,117151.61,0.0
CUST0011,FEMALE,41.0,10.0,193085.81,4.0,0.0,0.0,58515.56,1.0
CUST0012,Male,42.0,7.0,0.0,4.0,1.0,1.0,21830.38,1.0
CUST0013,Male,25.0,3.0,0.0,1.0,1.0,0.0,104640.01,0.0
CUST0014,Male,26.0,8.0,0.0,4.0,0.0,0.0,106949.36,1.0
CUST0015,Male,-5.0,8.0,0.0,1.0,0.0,0.0,146322.57,1.0
CUST0016,Male,22.0,10.0,47961.0,3.0,0.0,0.0,112386.18,1.0
CUST0017,Female,30.0,3.0,0.0,1.0,1.0,0.0,86114.19,0.0
CUST0018,Male,40.0,7.0,0.0,1.0,1.0,0.0,30007.39,1.0
CUST0019,Female,39.0,2.0,125246.46,1.0,0.0,1.0,79349.49,0.0
CUST0020,Female,37.0,10.0,0.0,3.0,1.0,0.0,55377.19,1.0
CUST0021,Male,69.0,9.0,61651.47,4.0,0.0,0.0,83027.9,0.0
CUST0022,Male,59.0,8.0,188639.03,4.0,1.0,1.0,111392.46,0.0
CUST0023,Female,120.0,10.0,192527.01,3.0,1.0,0.0,59114.18,1.0
CUST0024,Female,34.0,1.0,195346.38,2.0,0.0,0.0,64859.26,0.0
CUST0025,Female,19.0,5.0,98401.1,2.0,1.0,0.0,107377.62,0.0
CUST0026,Male,34.0,6.0,74188.84,2.0,1.0,1.0,89650.71,1.0
CUST0027,Male,50.0,9.0,64835.23,4.0,0.0,0.0,96816.08,0.0
CUST0028,Female,36.0,10.0,0.0,4.0,1.0,0.0,42667.64,1.0
CUST0029,Male,56.0,2.0,0.0,4.0,0.0,0.0,47179.31,1.0
CUST0030,Male,59.0,3.0,46481.45,2.0,1.0,0.0,87162.67,1.0
CUST0031,Female,18.0,5.0,0.0,3.0,0.0,0.0,65397.24,0.0
CUST0032,Male,20.0,4.0,177530.2,1.0,1.0,1.0,30938.2,1.0
CUST0033,Female,55.0,8.0,0.0,10.0,1.0,0.0,106255.23,1.0
CUST0034,Female,63.0,2.0,0.0,4.0,0.0,0.0,42870.28,1.0
CUST0035,Female,31.0,5.0,36585.72,4.0,1.0,0.0,113722.19,1.0
CUST0036,Male,65.0,3.0,127630.19,2.0,1.0,1.0,147256.07,0.0
CUST0037,Female,25.0,2.0,0.0,4.0,0.0,1.0,132341.78,0.0
CUST0038,Male,65.0,3.0,114828.84,1.0,1.0,0.0,149291.57,1.0
CUST0039,Female,63.0,5.0,176815.31,1.0,0.0,1.0,62997.54,0.0
CUST0040,Male,48.0,3.0,196085.99,3.0,0.0,0.0,44818.43,1.0
CUST0041,Female,20.0,2.0,0.0,2.0,1.0,0.0,94107.95,1.0
CUST0042,Female,49.0,6.0,0.0,3.0,1.0,1.0,61931.6,0.0
CUST0043,,26.0,6.0,0.0,2.0,0.0,1.0,125314.74,0.0
CUST0044,Male,30.0,10.0,2031.79,1.0,1.0,0.0,29222.32,1.0
CUST0045,Male,31.0,3.0,68261.04,2.0,1.0,1.0,95176.42,0.0
CUST0046,Male,42.0,10.0,0.0,2.0,1.0,1.0,-50000.0,1.0
CUST0047,Female,23.0,6.0,0.0,1.0,1.0,0.0,55300.58,1.0
CUST0048,Male,56.0,4.0,168562.59,4.0,1.0,0.0,110936.59,1.0
CUST0049,Male,33.0,2.0,103743.77,3.0,0.0,1.0,55208.19,0.0
CUST0050,Male,43.0,5.0,37682.4,3.0,0.0,0.0,109504.99,1.0
CUST0051,Female,18.0,2.0,48717.68,4.0,0.0,1.0,141499.82,0.0
CUST0052,Female,56.0,5.0,0.0,3.0,1.0,1.0,66276.45,0.0
CUST0053,Female,46.0,5.0,19737.24,2.0,1.0,1.0,42792.94,1.0
CUST0054,Female,43.0,5.0,0.0,2.0,1.0,0.0,71805.62,0.0
CUST0055,Male,22.0,4.0,0.0,2.0,1.0,0.0,85407.71,0.0
CUST0056,Female,22.0,4.0,123554.38,3.0,1.0,0.0,132735.86,0.0
CUST0057,Female,37.0,8.0,0.0,4.0,0.0,0.0,125456.54,0.0
CUST0058,Male,29.0,3.0,164264.94,2.0,0.0,1.0,55614.95,0.0
CUST0059,Female,63.0,2.0,8753.66,3.0,0.0,0.0,105243.94,1.0
CUST0060,Male,27.0,10.0,0.0,1.0,0.0,1.0,110075.75,1.0
CUST0061,Male,28.0,8.0,0.0,1.0,0.0,1.0,43067.14,0.0
CUST0062,Male,52.0,1.0,146597.9,2.0,0.0,0.0,95470.72,0.0
CUST0063,Male,49.0,5.0,0.0,1.0,0.0,0.0,50970.7,1.0
CUST0064,Female,66.0,4.0,165465.04,1.0,0.0,0.0,70596.22,1.0
CUST0065,Female,58.0,3.0,0.0,4.0,1.0,0.0,143578.93,1.0
CUST0066,Female,64.0,5.0,19249.13,1.0,1.0,0.0,47654.63,0.0
CUST0067,Male,33.0,9.0,0.0,2.0,1.0,0.0,149471.06,1.0
CUST0068,Female,52.0,7.0,0.0,2.0,0.0,1.0,109443.9,0.0
CUST0069,Male,34.0,6.0,0.0,4.0,1.0,0.0,126841.81,1.0
CUST0070,Male,22.0,5.0,47412.39,4.0,0.0,0.0,134446.8,1.0
CUST0071,Male,24.0,9.0,118785.86,2.0,1.0,0.0,82616.71,1.0
CUST0072,Female,56.0,10.0,0.0,2.0,0.0,0.0,21475.97,1.0
CUST0073,Female,37.0,8.0,0.0,3.0,0.0,0.0,95837.94,0.0
CUST0074,Female,66.0,9.0,173851.23,1.0,1.0,1.0,21580.08,0.0
CUST0075,Male,64.0,5.0,0.0,3.0,1.0,0.0,52888.72,0.0
CUST0076,Male,35.0,9.0,0.0,3.0,0.0,0.0,110600.26,1.0
CUST0077,Female,40.0,9.0,183135.61,4.0,1.0,1.0,71287.83,1.0
CUST0078,Male,70.0,8.0,34766.3,2.0,2.0,1.0,49821.32,1.0
CUST0079,Female,54.0,9.0,,2.0,0.0,0.0,56369.26,1.0
CUST0080,Female,30.0,3.0,164684.91,3.0,1.0,0.0,99743.98,0.0
CUST0081,Female,47.0,2.0,0.0,3.0,1.0,0.0,121088.3,1.0
CUST0082,Male,64.0,1.0,75971.06,3.0,0.0,1.0,127791.35,0.0
CUST0083,Female,50.0,2.0,0.0,1.0,0.0,1.0,29796.68,0.0
CUST0084,Male,22.0,5.0,0.0,3.0,0.0,-1,142819.54,0.0
CUST0085,Male,34.0,5.0,90658.28,1.0,0.0,0.0,98802.7,1.0
CUST0086,Female,66.0,8.0,124007.52,3.0,1.0,0.0,107304.52,1.0
CUST0087,Female,20.0,2.0,170584.12,4.0,0.0,1.0,133964.97,0.0
CUST0088,Female,65.0,7.0,0.0,2.0,1.0,0.0,47685.34,1.0
CUST0089,Female,51.0,6.0,122009.48,2.0,0.0,0.0,31830.27,0.0
CUST0090,Male,55.0,1.0,156946.95,2.0,0.0,1.0,132107.28,0.0
CUST0091,Male,21.0,10.0,185390.94,1.0,1.0,1.0,79687.65,0.0
CUST0092,Female,70.0,2.0,0.0,3.0,1.0,0.0,29862.23,1.0
CUST0093,Male,33.0,6.0,139835.85,4.0,1.0,1.0,73515.96,0.0
CUST0094,Male,44.0,2.0,0.0,3.0,0.0,0.0,64860.74,1.0
CUST0095,Male,39.0,5.0,0.0,1.0,1.0,1.0,136248.24,1.0
CUST0096,Male,43.0,9.0,0.0,1.0,1.0,0.0,86515.41,1.0
CUST0097,Male,65.0,1.0,0.0,4.0,0.0,0.0,43987.73,1.0
CUST0098,Female,39.0,10.0,152231.13,4.0,1.0,0.0,28104.38,1.0
CUST0099,Male,68.0,7.0,0.0,2.0,0.0,0.0,23961.38,0.0
CUST0100,Female,55.0,3.0,80035.6,1.0,0.0,0.0,43696.9,1.0
CUST0101,Female,34.0,7.0,18751.66,4.0,0.0,0.0,64580.49,1.0
CUST0102,Female,27.0,3.0,130115.75,3.0,1.0,0.0,115786.92,0.0
CUST0103,Female,57.0,1.0,113327.25,1.0,0.0,1.0,136954.16,0.0
CUST0104,Male,62.0,6.0,0.0,1.0,1.0,0.0,39871.69,1.0
CUST0105,Male,21.0,8.0,0.0,3.0,0.0,0.0,73351.59,0.0
CUST0106,Female,48.0,6.0,80173.26,3.0,1.0,0.0,126219.37,1.0
CUST0107,Female,55.0,3.0,164351.43,3.0,0.0,1.0,81960.53,0.0
CUST0108,Male,22.0,6.0,193630.82,3.0,1.0,0.0,115712.13,1.0
CUST0109,Female,18.0,10.0,153788.12,1.0,1.0,0.0,141161.86,1.0
CUST0110,Female,20.0,1.0,74476.87,2.0,0.0,0.0,91359.86,1.0
CUST0111,Male,57.0,2.0,0.0,1.0,,0.0,35170.49,1.0
CUST0112,Female,55.0,7.0,0.0,1.0,0.0,1.0,116976.69,1.0
CUST0113,Male,70.0,8.0,198194.97,4.0,0.0,0.0,140438.43,0.0
CUST0114,Female,46.0,8.0,0.0,2.0,1.0,1.0,127267.25,1.0
CUST0115,Male,36.0,10.0,0.0,1.0,1.0,0.0,108787.67,1.0
CUST0116,Male,57.0,3.0,0.0,3.0,0.0,0.0,95073.22,1.0
CUST0117,Female,64.0,7.0,0.0,4.0,1.0,0.0,90570.41,1.0
CUST0118,Male,20.0,7.0,146379.28,4.0,Yes,0.0,134221.78,1.0
CUST0119,Male,47.0,7.0,0.0,2.0,0.0,0.0,111907.46,1.0
CUST0120,Female,50.0,4.0,114408.05,1.0,0.0,1.0,64470.63,0.0
CUST0121,Male,48.0,4.0,91943.04,4.0,0.0,0.0,90181.88,0.0
CUST0122,Male,21.0,2.0,0.0,3.0,1.0,1.0,113103.28,0.0
CUST0123,Female,37.0,10.0,69162.33,4.0,0.0,0.0,57430.85,0.0
CUST0124,Female,,8.0,0.0,1.0,0.0,1.0,133376.11,0.0
CUST0125,Male,53.0,4.0,0.0,4.0,0.0,1.0,120262.07,0.0
CUST0126,Male,26.0,6.0,16386.89,4.0,0.0,1.0,138389.21,1.0
CUST0127,Female,54.0,5.0,33938.58,2.0,0.0,0.0,63179.03,1.0
CUST0128,Female,68.0,8.0,0.0,1.0,0.0,0.0,46725.38,1.0
CUST0129,Male,43.0,9.0,23739.19,1.0,1.0,0.0,139984.83,1.0
CUST0130,Male,44.0,2.0,183772.49,3.0,0.0,1.0,,0.0
CUST0131,Male,42.0,7.0,0.0,4.0,0.0,0.0,121464.44,1.0
CUST0132,Male,43.0,2.0,0.0,1.0,1.0,0.0,39326.15,1.0
CUST0133,Male,45.0,8.0,0.0,4.0,0.0,1.0,117494.86,1.0
CUST0134,Female,36.0,1.0,8273.38,4.0,1.0,0.0,28542.12,0.0
CUST0135,Male,64.0,2.0,105353.66,1.0,1.0,1.0,92753.24,1.0
CUST0136,Male,18.0,8.0,0.0,3.0,1.0,1.0,55196.81,0.0
CUST0137,Male,50.0,7.0,195807.36,2.0,0.0,0.0,73037.98,1.0
CUST0138,Female,20.0,8.0,0.0,1.0,1.0,1.0,64105.26,1.0
CUST0139,Male,68.0,1.0,111787.6,2.0,0.0,1.0,148534.74,0.0
CUST0140,Female,63.0,4.0,188937.54,1.0,1.0,0.0,62118.71,1.0
CUST0141,Female,27.0,7.0,0.0,3.0,1.0,0.0,133937.73,1.0
CUST0142,Male,35.0,2.0,0.0,4.0,0.0,1.0,127263.95,0.0
CUST0143,Male,29.0,4.0,125205.63,4.0,1.0,0.0,76696.45,1.0
CUST0144,Female,69.0,10.0,152957.55,1.0,1.0,1.0,83366.06,0.0
CUST0145,Female,49.0,1.0,0.0,2.0,0.0,1.0,110849.96,0.0
CUST0146,Female,26.0,6.0,129365.78,4.0,1.0,1.0,137074.4,0.0
CUST0147,Female,54.0,6.0,0.0,2.0,1.0,0.0,55627.18,1.0
CUST0148,Female,42.0,6.0,0.0,1.0,1.0,1.0,37795.13,0.0
CUST0149,Male,23.0,8.0,0.0,1.0,0.0,0.0,94528.27,1.0
CUST0150,Male,38.0,10.0,84985.18,4.0,1.0,0.0,43968.22,1.0
CUST0151,Male,68.0,10.0,0.0,4.0,0.0,1.0,139016.78,0.0
CUST0152,Male,57.0,3.0,0.0,3.0,1.0,1.0,37550.17,0.0
CUST0153,Female,53.0,4.0,33240.76,3.0,0.0,1.0,10000000.0,1.0
CUST0154,Male,26.0,10.0,0.0,1.0,1.0,0.0,73663.16,1.0
CUST0155,Male,57.0,10.0,0.0,3.0,1.0,0.0,20304.12,0.0
CUST0156,Male,55.0,2.0,0.0,4.0,0.0,0.0,145072.84,Maybe
CUST0157,Male,66.0,8.0,0.0,1.0,0.0,0.0,114133.43,1.0
CUST0158,Male,25.0,9.0,180769.4,3.0,0.0,1.0,26707.45,0.0
CUST0159,Male,49.0,10.0,0.0,3.0,1.0,0.0,81517.32,1.0
CUST0160,Male,32.0,5.0,0.0,4.0,1.0,1.0,74829.15,0.0
CUST0161,Male,48.0,4.0,169065.33,3.0,1.0,0.0,24810.99,0.0
CUST0162,Male,52.0,2.0,0.0,4.0,1.0,0.0,72583.11,1.0
CUST0163,Female,66.0,4.0,0.0,1.0,1.0,0.0,135177.11,1.0
CUST0164,Male,19.0,7.0,92926.63,2.0,0.0,0.0,44111.48,1.0
CUST0165,Male,49.0,3.0,14935.91,4.0,0.0,1.0,31510.64,1.0
CUST0166,Female,61.0,9.0,116570.68,3.0,0.0,1.0,31920.91,0.0
CUST0167,Female,37.0,5.0,0.0,3.0,0.0,1.0,58610.37,0.0
CUST0168,Male,35.0,5.0,0.0,1.0,1.0,0.0,75610.51,1.0
CUST0169,Male,41.0,4.0,44432.52,1.0,0.0,0.0,31623.43,1.0
CUST0170,Female,63.0,8.0,0.0,2.0,0.0,0.0,148851.92,1.0
CUST0171,Male,37.0,6.0,0.0,2.0,1.0,0.0,42948.64,1.0
CUST0172,Female,66.0,10.0,156137.31,1.0,0.0,1.0,145983.34,0.0
CUST0173,Female,52.0,4.0,0.0,3.0,1.0,0.0,118571.0,0.0
CUST0174, male ,41.0,3.0,163350.79,1.0,1.0,0.0,89806.67,1.0
CUST0175,Male,31.0,5.0,0.0,4.0,0.0,0.0,36836.94,0.0
CUST0176,Male,42.0,2.0,0.0,3.0,1.0,0.0,91611.46,1.0
CUST0177,Female,41.0,6.0,-10000.0,4.0,1.0,1.0,30536.01,1.0
CUST0178,Female,30.0,5.0,198303.59,4.0,0.0,1.0,87090.27,0.0
CUST0179,Female,20.0,8.0,132760.29,3.0,0.0,0.0,115408.29,1.0
CUST0180,Female,33.0,8.0,0.0,3.0,1.0,0.0,63421.15,1.0
CUST0181,Female,70.0,10.0,0.0,2.0,1.0,0.0,134612.83,0.0
CUST0182,Male,68.0,7.0,2023.89,3.0,0.0,1.0,138131.17,1.0
CUST0183,Male,19.0,7.0,0.0,2.0,0.0,0.0,92779.76,1.0
CUST0184,Male,51.0,8.0,163917.2,2.0,0.0,1.0,22395.6,0.0
CUST0185,Female,51.0,5.0,21399.44,4.0,1.0,1.0,28818.82,0.0
CUST0186,Female,34.0,6.0,142005.83,1.0,1.0,1.0,29710.27,0.0
CUST0187,Male,31.0,4.0,129867.16,1.0,1.0,0.0,28531.4,0.0
CUST0188,Male,64.0,20.0,0.0,2.0,1.0,1.0,80910.12,0.0
CUST0189,Male,52.0,9.0,0.0,1.0,0.0,0.0,48700.05,1.0
CUST0190,Male,31.0,4.0,0.0,3.0,0.0,1.0,39637.53,0.0
CUST0191,Female,38.0,5.0,128066.66,3.0,0.0,0.0,147917.09,0.0
CUST0192,Male,55.0,2.0,43407.84,1.0,0.0,1.0,67908.42,0.0
CUST0193,Female,33.0,8.0,0.0,1.0,0.0,0.0,39975.54,1.0
CUST0194,Male,67.0,4.0,0.0,4.0,1.0,0.0,138538.68,0.0
CUST0195,Female,37.0,9.0,0.0,1.0,1.0,1.0,52180.19,1.0
CUST0196,Female,65.0,9.0,33004.27,2.0,0.0,0.0,96734.31,1.0
CUST0197,Male,30.0,1.0,3312.49,2.0,1.0,1.0,82392.05,0.0
CUST0198,Male,49.0,9.0,172164.36,1.0,1.0,0.0,82465.9,1.0
CUST0199,Female,34.0,9.0,0.0,4.0,1.0,1.0,47345.45,1.0
CUST0200,Male,57.0,2.0,65965.8,1.0,0.0,0.0,65581.5,1.0
CUST0201,MALE,69.0,10.0,79987.73,2.0,0.0,1.0,109630.45,0.0
CUST0202,Male,51.0,10.0,0.0,4.0,0.0,0.0,111841.84,1.0
CUST0203,Male,23.0,9.0,11342.29,1.0,1.0,1.0,133225.99,0.0
CUST0204,Male,37.0,7.0,132503.2,4.0,1.0,1.0,121898.23,0.0
CUST0205,Male,58.0,10.0,88282.84,2.0,1.0,0.0,104538.24,1.0
CUST0206,Female,68.0,10.0,66474.47,4.0,0.0,1.0,133338.26,0.0
CUST0207,Female,49.0,3.0,33172.84,2.0,0.0,1.0,63200.9,0.0
CUST0208,Female,20.0,10.0,0.0,1.0,1.0,0.0,46465.18,1.0
CUST0209,Male,66.0,5.0,0.0,4.0,1.0,0.0,64971.55,1.0
CUST0210,Female,37.0,8.0,0.0,4.0,0.0,1.0,23821.28,1.0
CUST0211,Male,53.0,2.0,119946.99,2.0,0.0,1.0,148977.33,0.0
CUST0212,Male,29.0,3.0,124970.35,1.0,0.0,0.0,37103.8,0.0
CUST0213,Female,65.0,7.0,126875.57,2.0,1.0,0.0,73694.05,1.0
CUST0214,Male,58.0,6.0,0.0,2.0,1.0,0.0,66700.34,1.0
CUST0215,Female,23.0,1.0,0.0,4.0,1.0,0.0,105375.77,1.0
CUST0216,Female,57.0,8.0,0.0,3.0,0.0,0.0,134882.26,1.0
CUST0217,Female,33.0,10.0,90306.74,2.0,0.0,0.0,78426.4,1.0
CUST0218,Female,29.0,1.0,51253.03,4.0,1.0,0.0,98719.96,1.0
CUST0219,Female,29.0,5.0,156576.28,4.0,1.0,1.0,132348.1,0.0
CUST0220,Female,120.0,2.0,0.0,3.0,0.0,1.0,26720.59,0.0
CUST0221,Male,52.0,6.0,0.0,1.0,0.0,0.0,96007.19,1.0
CUST0222,Male,37.0,5.0,0.0,3.0,1.0,1.0,62006.99,0.0
CUST0223,Female,56.0,8.0,103603.61,3.0,1.0,1.0,38154.66,1.0
CUST0224,Male,62.0,4.0,141231.47,4.0,0.0,No,146088.57,0.0
CUST0225,Male,25.0,6.0,173760.31,3.0,1.0,0.0,128954.99,0.0
CUST0226,Male,27.0,2.0,49585.31,4.0,0.0,1.0,119907.52,1.0
CUST0227,Female,42.0,4.0,0.0,3.0,1.0,1.0,71202.37,0.0
CUST0228,Male,43.0,2.0,199883.33,3.0,0.0,0.0,72898.03,0.0
CUST0229,Male,26.0,5.0,0.0,3.0,1.0,1.0,72538.24,0.0
CUST0230,Female,55.0,3.0,161761.34,1.0,0.0,0.0,76625.83,0.0
CUST0231,Male,41.0,6.0,0.0,3.0,0.0,1.0,99278.13,0.0
CUST0232,Male,36.0,9.0,119700.61,1.0,0.0,1.0,21906.72,0.0
CUST0233,Male,25.0,10.0,0.0,3.0,0.0,1.0,143692.21,0.0
CUST0234,Male,45.0,5.0,0.0,4.0,0.0,1.0,88461.09,0.0
CUST0235,Male,53.0,7.0,162784.16,4.0,0.0,0.0,22370.24,1.0
CUST0236,Male,33.0,5.0,0.0,4.0,0.0,0.0,27834.76,0.0
CUST0237,Male,39.0,3.0,0.0,4.0,1.0,0.0,57033.48,1.0
CUST0238,Female,64.0,3.0,116605.48,4.0,1.0,1.0,71987.68,0.0
CUST0239,Male,43.0,9.0,0.0,3.0,1.0,1.0,123971.54,1.0
CUST0240,Male,66.0,10.0,37860.46,4.0,1.0,1.0,31315.07,0.0
CUST0241,Male,61.0,8.0,0.0,3.0,0.0,0.0,102938.08,1.0
CUST0242,Male,45.0,9.0,0.0,2.0,1.0,1.0,66900.43,0.0
CUST0243,Female,41.0,1.0,0.0,4.0,1.0,1.0,126939.86,0.0
CUST0244,Female,27.0,9.0,20011.53,2.0,0.0,0.0,96259.1,1.0
CUST0245,Female,52.0,2.0,0.0,1.0,1.0,1.0,60595.33,1.0
CUST0246,Male,24.0,10.0,0.0,1.0,0.0,1.0,38430.67,1.0
CUST0247,Female,24.0,5.0,135492.41,2.0,0.0,0.0,114187.19,1.0
CUST0248, male ,41.0,3.0,121040.66,2.0,1.0,0.0,120440.95,1.0
CUST0249,Female,54.0,1.0,0.0,4.0,0.0,0.0,64662.86,0.0
CUST0250,Female,30.0,1.0,166540.76,1.0,1.0,0.0,103221.87,1.0
CUST0251,Male,25.0,2.0,136346.25,1.0,1.0,0.0,44742.23,1.0
CUST0252,Female,61.0,2.0,0.0,2.0,0.0,1.0,63364.04,0.0
CUST0253,Female,53.0,5.0,0.0,3.0,0.0,0.0,89657.6,1.0
CUST0254,Female,33.0,1.0,60869.77,4.0,0.0,1.0,69728.42,0.0
CUST0255,Male,68.0,8.0,4985.24,4.0,1.0,1.0,51675.37,0.0
CUST0256,Male,37.0,6.0,52152.41,3.0,1.0,0.0,99103.23,1.0
CUST0257,Female,69.0,2.0,13558.7,1.0,0.0,1.0,64417.69,1.0
CUST0258,Male,19.0,9.0,0.0,3.0,1.0,1.0,78136.33,0.0
CUST0259,Male,23.0,3.0,0.0,2.0,1.0,0.0,70835.56,1.0
CUST0260,Male,66.0,10.0,0.0,3.0,1.0,,89222.56,0.0
CUST0261,FEMALE,20.0,7.0,0.0,3.0,0.0,0.0,42558.19,1.0
CUST0262,Male,35.0,4.0,115035.24,1.0,1.0,0.0,82316.08,1.0
CUST0263,Female,48.0,1.0,121644.33,2.0,0.0,1.0,85333.59,0.0
CUST0264,Male,42.0,5.0,0.0,2.0,1.0,0.0,50231.68,1.0
CUST0265,Male,29.0,4.0,88462.83,3.0,1.0,1.0,48084.96,0.0
CUST0266,Female,40.0,3.0,0.0,3.0,1.0,1.0,47528.2,0.0
CUST0267,Female,67.0,8.0,0.0,3.0,0.0,0.0,29701.88,1.0
CUST0268,Male,63.0,3.0,36375.51,4.0,0.0,1.0,102314.65,0.0
CUST0269,Female,54.0,7.0,0.0,4.0,1.0,1.0,130242.07,0.0
CUST0270,Female,54.0,4.0,81554.89,1.0,0.0,0.0,88315.6,2.0
CUST0271,Male,24.0,5.0,0.0,2.0,0.0,1.0,37394.49,0.0
CUST0272,Female,55.0,5.0,152297.67,4.0,0.0,0.0,47976.24,1.0
CUST0273,Male,67.0,5.0,0.0,1.0,1.0,1.0,68283.11,1.0
CUST0274,Male,28.0,5.0,0.0,1.0,1.0,1.0,39506.33,1.0
CUST0275,Female,35.0,8.0,0.0,4.0,0.0,1.0,71011.18,0.0
CUST0276,Male,66.0,9.0,21327.76,1.0,0.0,0.0,125154.85,1.0
CUST0277,Male,50.0,10.0,186133.46,4.0,1.0,0.0,-50000.0,1.0
CUST0278,Male,25.0,6.0,0.0,1.0,1.0,0.0,87393.04,1.0
CUST0279,Female,49.0,1.0,89211.34,1.0,1.0,0.0,117006.94,0.0
CUST0280,Female,68.0,8.0,0.0,1.0,1.0,0.0,70387.38,1.0
CUST0281,Male,53.0,4.0,0.0,3.0,1.0,0.0,42634.21,1.0
CUST0282,Female,47.0,6.0,153110.16,2.0,1.0,0.0,30682.32,0.0
CUST0283,Male,48.0,8.0,0.0,1.0,1.0,0.0,46739.34,1.0
CUST0284,Female,21.0,9.0,129136.95,3.0,1.0,0.0,145903.54,0.0
CUST0285,Female,29.0,8.0,0.0,1.0,1.0,0.0,87699.86,1.0
CUST0286,Female,51.0,10.0,68315.23,2.0,0.0,0.0,68381.71,1.0
CUST0287,Male,42.0,2.0,188672.09,4.0,0.0,1.0,45671.16,0.0
CUST0288,Male,38.0,3.0,134619.53,3.0,0.0,0.0,53596.11,0.0
CUST0289,Female,38.0,5.0,195701.06,4.0,1.0,0.0,43477.3,1.0
CUST0290,Female,39.0,6.0,196949.28,4.0,0.0,-1.0,41425.93,1.0
CUST0291,Male,32.0,4.0,0.0,3.0,0.0,0.0,129291.39,0.0
CUST0292,Male,60.0,5.0,118479.19,3.0,0.0,1.0,93452.86,0.0
CUST0293,Female,56.0,9.0,0.0,4.0,1.0,1.0,21213.11,1.0
CUST0294,Male,22.0,3.0,198370.18,3.0,1.0,1.0,124009.23,0.0
CUST0295, Female,27.0,5.0,0.0,3.0,0.0,1.0,66199.99,0.0
CUST0296,Male,69.0,4.0,2040.69,2.0,1.0,1.0,116945.39,0.0
CUST0297,Female,51.0,5.0,0.0,4.0,0.0,0.0,59728.55,0.0
CUST0298,Female,54.0,10.0,0.0,4.0,1.0,1.0,135205.45,0.0
CUST0299,Male,54.0,6.0,83111.75,3.0,0.0,1.0,100546.61,0.0
CUST0300,Male,62.0,20.0,0.0,4.0,0.0,1.0,114042.62,1.0
CUST0301,Male,69.0,4.0,11507.99,2.0,1.0,1.0,98278.93,1.0
CUST0302,Male,36.0,1.0,0.0,2.0,1.0,0.0,116970.28,0.0
CUST0303,Male,70.0,4.0,103936.54,1.0,1.0,1.0,62665.06,0.0
CUST0304,Female,35.0,4.0,13445.9,3.0,0.0,0.0,115370.06,1.0
CUST0305,Male,50.0,1.0,127873.1,4.0,0.0,No,109168.47,0.0
CUST0306,Female,28.0,7.0,114802.58,1.0,0.0,1.0,67090.61,1.0
CUST0307,Male,30.0,1.0,117576.22,1.0,1.0,0.0,140850.2,0.0
CUST0308,Male,36.0,10.0,170692.88,3.0,0.0,0.0,80025.27,1.0
CUST0309,Female,38.0,10.0,187533.31,2.0,1.0,1.0,26479.46,0.0
CUST0310,Female,52.0,1.0,156262.4,2.0,0.0,1.0,49279.08,0.0
CUST0311,Male,48.0,4.0,131734.08,1.0,1.0,1.0,27417.11,0.0
CUST0312,Female,45.0,7.0,50148.78,2.0,1.0,1.0,55353.46,0.0
CUST0313,Male,59.0,9.0,155565.4,1.0,0.0,1.0,24369.77,1.0
CUST0314,Male,60.0,9.0,69838.17,1.0,0.0,0.0,31235.2,1.0
CUST0315,Male,49.0,0.0,110115.8,3.0,1.0,0.0,71148.22,0.0
CUST0316,Female,31.0,9.0,0.0,2.0,0.0,0.0,114270.24,1.0
CUST0317,Female,66.0,3.0,0.0,4.0,1.0,0.0,43792.01,1.0
CUST0318,Male,70.0,4.0,0.0,3.0,1.0,0.0,90863.72,0.0
CUST0319,Male,51.0,10.0,0.0,2.0,0.0,0.0,99677.02,1.0
CUST0320,Male,51.0,1.0,0.0,2.0,1.0,1.0,48091.76,1.0
CUST0321,Male,33.0,3.0,130543.72,4.0,1.0,0.0,86625.34,0.0
CUST0322,Female,27.0,3.0,0.0,1.0,1.0,1.0,53620.71,1.0
CUST0323,Male,21.0,4.0,104357.79,4.0,0.0,0.0,134345.64,0.0
CUST0324,Male,44.0,9.0,112476.27,2.0,0.0,0.0,91826.77,1.0
CUST0325,Female,20.0,8.0,57203.75,4.0,0.0,1.0,68351.25,0.0
CUST0326,Female,67.0,3.0,0.0,4.0,1.0,1.0,32224.69,0.0
CUST0327,Male,58.0,4.0,56011.9,3.0,0.0,0.0,45459.31,0.0
CUST0328, Female,35.0,10.0,90072.99,4.0,1.0,0.0,99751.51,1.0
CUST0329,Male,44.0,2.0,34601.99,1.0,1.0,0.0,24339.87,1.0
CUST0330,Male,49.0,5.0,88624.36,2.0,1.0,0.0,134714.13,0.0
CUST0331,Female,63.0,7.0,0.0,1.0,0.0,0.0,106829.6,1.0
CUST0332,Male,21.0,6.0,0.0,3.0,1.0,0.0,109291.93,1.0
CUST0333,Female,21.0,9.0,164768.73,2.0,1.0,0.0,146549.46,1.0
CUST0334,Male,26.0,4.0,183723.39,3.0,1.0,1.0,148448.52,0.0
CUST0335,Male,61.0,9.0,72201.85,2.0,0.0,1.0,63577.05,1.0
CUST0336,Female,38.0,8.0,0.0,1.0,0.0,1.0,137696.78,0.0
CUST0337,Female,35.0,10.0,0.0,4.0,1.0,1.0,115948.99,0.0
CUST0338,Female,47.0,3.0,0.0,4.0,1.0,1.0,60939.55,1.0
CUST0339,Male,64.0,7.0,34259.27,4.0,0.0,1.0,29447.21,1.0
CUST0340,Male,20.0,4.0,0.0,2.0,0.0,0.0,28905.7,0.0
CUST0341,Male,70.0,4.0,187722.66,1.0,0.0,0.0,122498.15,0.0
CUST0342,Male,35.0,3.0,0.0,3.0,0.0,0.0,34428.63,1.0
CUST0343,Female,55.0,4.0,76940.78,3.0,0.0,1.0,124306.06,0.0
CUST0344,Female,66.0,9.0,84867.36,2.0,1.0,0.0,36569.01,0.0
CUST0345,Female,63.0,3.0,0.0,1.0,1.0,1.0,147633.83,0.0
CUST0346,Male,26.0,7.0,0.0,3.0,1.0,1.0,48397.61,1.0
CUST0347,Female,53.0,8.0,0.0,4.0,0.0,1.0,56897.7,0.0
CUST0348,Female,70.0,3.0,46043.95,2.0,0.0,1.0,28383.87,0.0
CUST0349,Female,19.0,9.0,66751.19,1.0,1.0,0.0,101402.9,1.0
CUST0350,Female,66.0,3.0,54287.56,2.0,0.0,0.0,105647.26,1.0
CUST0351,Male,54.0,3.0,0.0,1.0,0.0,0.0,24243.94,0.0
CUST0352,MALE,51.0,8.0,191209.07,1.0,0.0,0.0,30686.92,0.0
CUST0353,Female,63.0,9.0,68822.32,1.0,1.0,1.0,143254.08,0.0
CUST0354,Male,46.0,3.0,0.0,4.0,1.0,1.0,69986.47,0.0
CUST0355,Female,39.0,2.0,0.0,3.0,0.0,0.0,54964.66,1.0
CUST0356,Male,39.0,9.0,0.0,4.0,1.0,1.0,137959.42,1.0
CUST0357,Male,59.0,1.0,0.0,1.0,0.0,1.0,81066.69,0.0
CUST0358,Female,37.0,8.0,0.0,2.0,0.0,1.0,26434.59,0.0
CUST0359,Female,37.0,1.0,0.0,1.0,0.0,1.0,86646.8,1.0
CUST0360,Female,58.0,9.0,0.0,1.0,0.0,1.0,89107.93,0.0
CUST0361,Female,58.0,7.0,0.0,2.0,0.0,0.0,37093.59,1.0
CUST0362,Male,18.0,8.0,84943.81,4.0,1.0,0.0,112824.24,0.0
CUST0363,Female,65.0,1.0,0.0,4.0,1.0,0.0,20203.46,0.0
CUST0364,Male,40.0,7.0,9071.19,2.0,1.0,1.0,106487.97,0.0
CUST0365,Female,53.0,2.0,0.0,4.0,1.0,1.0,137041.76,0.0
CUST0366,Male,68.0,9.0,0.0,1.0,0.0,1.0,67049.6,1.0
CUST0367,Female,27.0,2.0,0.0,1.0,0.0,1.0,42340.3,0.0
CUST0368,Male,70.0,2.0,0.0,4.0,1.0,1.0,126601.64,0.0
CUST0369,Male,29.0,3.0,0.0,1.0,0.0,1.0,138317.5,0.0
CUST0370,Female,48.0,9.0,0.0,2.0,1.0,0.0,110024.07,1.0
CUST0371,Female,52.0,7.0,108964.34,2.0,1.0,1.0,49416.28,0.0
CUST0372,Male,20.0,9.0,86766.06,3.0,1.0,1.0,68252.42,0.0
CUST0373,Female,53.0,1.0,105636.71,4.0,1.0,0.0,103946.27,1.0
CUST0374,Female,18.0,1.0,0.0,1.0,1.0,1.0,69258.34,1.0
CUST0375,,64.0,1.0,21150.72,1.0,1.0,1.0,129424.04,0.0
CUST0376,Female,55.0,1.0,0.0,1.0,1.0,0.0,49703.28,0.0
CUST0377,Female,20.0,4.0,20761.14,2.0,0.0,1.0,73839.53,0.0
CUST0378,Female,23.0,5.0,0.0,2.0,0.0,0.0,144269.45,1.0
CUST0379,Female,40.0,6.0,120985.63,1.0,0.0,0.0,57492.71,0.0
CUST0380,Female,69.0,1.0,77716.87,2.0,1.0,0.0,40038.86,0.0
CUST0381,Female,51.0,6.0,0.0,3.0,0.0,1.0,127485.95,0.0
CUST0382,Male,66.0,5.0,69147.15,1.0,1.0,0.0,92502.15,1.0
CUST0383,Male,45.0,8.0,0.0,3.0,1.0,0.0,46950.17,1.0
CUST0384,Female,52.0,2.0,0.0,4.0,1.0,0.0,46170.57,1.0
CUST0385,Female,45.0,0.0,95633.66,2.0,0.0,0.0,145323.75,0.0
CUST0386,Male,28.0,6.0,107143.94,2.0,0.0,1.0,122766.27,1.0
CUST0387,Female,34.0,8.0,55877.75,2.0,1.0,1.0,39343.48,0.0
CUST0388,Female,65.0,4.0,0.0,3.0,1.0,1.0,57151.86,0.0
CUST0389,Male,41.0,7.0,0.0,4.0,0.0,0.0,95046.27,0.0
CUST0390,Female,31.0,2.0,0.0,3.0,0.0,1.0,124856.61,0.0
CUST0391,Female,26.0,8.0,0.0,1.0,0.0,0.0,136101.73,1.0
CUST0392,Male,55.0,3.0,0.0,3.0,1.0,No,140429.74,1.0
CUST0393,Female,49.0,6.0,0.0,3.0,1.0,1.0,37476.57,1.0
CUST0394,Female,33.0,2.0,0.0,4.0,1.0,0.0,123141.22,0.0
CUST0395,Female,67.0,8.0,198935.08,3.0,1.0,0.0,25741.05,1.0
CUST0396,Female,54.0,1.0,0.0,4.0,1.0,0.0,126850.46,0.0
CUST0397,Female,18.0,4.0,0.0,4.0,0.0,0.0,114009.43,1.0
CUST0398,Male,21.0,6.0,61921.33,3.0,1.0,1.0,95015.29,0.0
CUST0399,Female,62.0,3.0,104992.74,2.0,1.0,0.0,85081.15,0.0
CUST0400,Male,33.0,6.0,10994.98,2.0,0.0,1.0,58387.76,1.0
CUST0401,Male,56.0,3.0,160893.07,4.0,1.0,0.0,137794.43,1.0
CUST0402,Female,70.0,7.0,0.0,2.0,0.0,0.0,98454.1,1.0
CUST0403,Female,42.0,6.0,0.0,3.0,1.0,1.0,79013.09,0.0
CUST0404,Male,69.0,4.0,136840.83,2.0,1.0,1.0,126929.52,0.0
CUST0405,Male,39.0,4.0,0.0,4.0,1.0,1.0,84570.4,0.0
CUST0406,Female,35.0,8.0,0.0,1.0,1.0,0.0,61286.28,1.0
CUST0407,Male,46.0,10.0,143292.71,2.0,0.0,0.0,95824.65,1.0
CUST0408,Male,23.0,5.0,188149.25,1.0,1.0,0.0,127472.91,1.0
CUST0409,Male,26.0,2.0,63356.24,2.0,0.0,0.0,76396.26,0.0
CUST0410,Male,65.0,8.0,0.0,1.0,1.0,0.0,84195.83,1.0
CUST0411,Male,44.0,9.0,141067.56,3.0,0.0,0.0,112695.99,0.0
CUST0412,Male,50.0,8.0,0.0,4.0,0.0,0.0,58746.79,1.0
CUST0413,Female,36.0,3.0,129185.7,1.0,0.0,1.0,144383.98,0.0
CUST0414,Male,58.0,3.0,92082.22,4.0,1.0,0.0,68075.72,1.0
CUST0415,Female,58.0,2.0,110861.8,3.0,1.0,1.0,68251.01,0.0
CUST0416,Female,39.0,1.0,0.0,1.0,0.0,1.0,71315.47,0.0
CUST0417,Male,53.0,2.0,147682.21,4.0,1.0,0.0,108685.2,0.0
CUST0418,Female,18.0,4.0,0.0,,0.0,0.0,127030.23,0.0
CUST0419,Female,70.0,5.0,0.0,1.0,1.0,1.0,128974.5,0.0
CUST0420,Female,31.0,10.0,0.0,3.0,1.0,0.0,137788.57,1.0
CUST0421,Male,46.0,9.0,192736.35,2.0,1.0,0.0,60542.3,0.0
CUST0422,Male,64.0,1.0,104737.91,4.0,0.0,1.0,22203.2,0.0
CUST0423,Male,47.0,9.0,24921.24,3.0,1.0,1.0,58130.12,0.0
CUST0424,Male,24.0,4.0,-10000.0,4.0,1.0,0.0,106190.95,0.0
CUST0425,Female,53.0,3.0,0.0,4.0,0.0,0.0,121448.9,1.0
CUST0426,Male,39.0,4.0,0.0,1.0,0.0,1.0,98427.93,0.0
CUST0427,Male,40.0,10.0,116859.54,1.0,0.0,0.0,88995.86,1.0
CUST0428,Female,28.0,6.0,0.0,2.0,1.0,0.0,38304.38,1.0
CUST0429,Male,27.0,3.0,0.0,4.0,1.0,1.0,70461.54,0.0
CUST0430,Male,60.0,1.0,69693.25,2.0,1.0,1.0,81098.47,0.0
CUST0431,Male,58.0,2.0,138329.22,1.0,1.0,1.0,49932.62,1.0
CUST0432,Female,50.0,2.0,61081.42,3.0,1.0,0.0,143379.26,0.0
CUST0433,Male,23.0,6.0,185803.4,2.0,1.0,1.0,43440.03,0.0
CUST0434,Female,20.0,6.0,89662.79,1.0,0.0,1.0,129674.46,0.0
CUST0435,Female,30.0,2.0,170903.2,4.0,1.0,0.0,45600.34,0.0
CUST0436,Female,65.0,8.0,142632.84,2.0,0.0,1.0,53740.43,0.0
CUST0437,Female,36.0,,15543.23,2.0,1.0,1.0,44713.99,0.0
CUST0438,Female,51.0,1.0,0.0,4.0,1.0,1.0,118450.33,1.0
CUST0439,Male,25.0,4.0,0.0,3.0,0.0,0.0,41150.97,1.0
CUST0440,Female,39.0,6.0,0.0,2.0,1.0,0.0,69008.12,1.0
CUST0441,Female,60.0,5.0,45193.1,4.0,1.0,0.0,114751.99,1.0
CUST0442,Female,54.0,9.0,81150.12,1.0,0.0,1.0,137179.8,1.0
CUST0443,Male,44.0,2.0,198657.75,1.0,0.0,0.0,68324.13,1.0
CUST0444,Female,70.0,3.0,0.0,3.0,1.0,1.0,100865.14,0.0
CUST0445,Female,46.0,4.0,115194.41,4.0,0.0,1.0,137290.73,0.0
CUST0446,Male,37.0,4.0,0.0,3.0,0.0,0.0,49730.27,0.0
CUST0447,Female,39.0,2.0,0.0,1.0,1.0,0.0,113490.79,1.0
CUST0448,Female,38.0,3.0,0.0,3.0,0.0,1.0,75913.37,0.0
CUST0449,Male,43.0,8.0,80787.41,4.0,0.0,1.0,135555.37,0.0
CUST0450,Female,62.0,8.0,0.0,4.0,0.0,1.0,46919.86,1.0
CUST0451,MALE,21.0,10.0,0.0,1.0,0.0,0.0,125414.22,1.0
CUST0452,Female,53.0,2.0,155007.34,2.0,1.0,0.0,87035.72,0.0
CUST0453,Female,70.0,8.0,0.0,1.0,0.0,1.0,91071.07,1.0
CUST0454,Female,23.0,5.0,144902.53,3.0,0.0,1.0,21311.78,0.0
CUST0455,Male,68.0,6.0,146139.61,4.0,1.0,0.0,106196.13,0.0
CUST0456,Male,22.0,7.0,122316.57,2.0,0.0,0.0,52865.77,1.0
CUST0457,Male,65.0,6.0,81744.48,4.0,1.0,0.0,90521.23,1.0
CUST0458,Male,33.0,7.0,109354.89,4.0,0.0,1.0,121482.12,0.0
CUST0459,Female,28.0,10.0,0.0,4.0,1.0,1.0,102180.73,1.0
CUST0460,Male,54.0,6.0,0.0,1.0,0.0,1.0,146414.6,1.0
CUST0461,Male,19.0,8.0,0.0,3.0,1.0,0.0,35863.96,1.0
CUST0462,Male,34.0,2.0,0.0,1.0,0.0,1.0,63629.36,0.0
CUST0463,Female,20.0,1.0,140532.8,4.0,0.0,0.0,143121.79,0.0
CUST0464,Female,20.0,10.0,33444.03,4.0,1.0,1.0,69966.16,1.0
CUST0465,Female,69.0,3.0,3272.18,1.0,1.0,1.0,76895.97,1.0
CUST0466,Female,46.0,3.0,0.0,1.0,1.0,0.0,75847.47,1.0
CUST0467,Female,33.0,6.0,24579.98,4.0,1.0,0.0,143820.73,1.0
CUST0468,Male,60.0,10.0,0.0,4.0,1.0,0.0,61151.46,0.0
CUST0469,Male,54.0,8.0,50843.11,3.0,0.0,1.0,128267.95,0.0
CUST0470,Female,35.0,4.0,135129.96,1.0,0.0,1.0,57392.25,0.0
CUST0471,Female,44.0,1.0,0.0,1.0,1.0,1.0,98715.62,1.0
CUST0472,Male,50.0,2.0,0.0,2.0,0.0,0.0,27356.14,1.0
CUST0473,Female,21.0,1.0,128705.15,3.0,0.0,0.0,45868.98,0.0
CUST0474,Female,46.0,8.0,198081.99,2.0,0.0,1.0,138915.04,1.0
CUST0475,Male,46.0,10.0,36693.57,2.0,0.0,1.0,72468.13,0.0
CUST0476,Female,43.0,4.0,0.0,1.0,1.0,0.0,54355.91,1.0
CUST0477,Female,42.0,3.0,54438.22,4.0,1.0,1.0,145909.85,0.0
CUST0478,Female,56.0,6.0,0.0,2.0,1.0,1.0,79542.89,1.0
CUST0479,Female,19.0,5.0,0.0,2.0,0.0,0.0,107883.42,2.0
CUST0480,Male,65.0,6.0,63268.57,3.0,1.0,1.0,132592.43,0.0
CUST0481,Female,43.0,9.0,0.0,3.0,1.0,0.0,134789.2,1.0
CUST0482,Male,39.0,4.0,0.0,1.0,1.0,0.0,22001.34,1.0
CUST0483,Female,66.0,9.0,0.0,2.0,1.0,0.0,129174.21,1.0
CUST0484,Female,49.0,6.0,0.0,2.0,1.0,0.0,76365.76,1.0
CUST0485,Female,38.0,9.0,0.0,4.0,0.0,0.0,114048.22,1.0
CUST0486,Male,45.0,1.0,0.0,2.0,1.0,1.0,46523.21,0.0
CUST0487,Female,70.0,7.0,10953.7,3.0,1.0,0.0,66276.23,1.0
CUST0488,Female,60.0,2.0,0.0,2.0,0.0,1.0,98875.12,0.0
CUST0489,Female,35.0,7.0,167859.87,3.0,0.0,1.0,141252.37,0.0
CUST0490,Male,63.0,3.0,0.0,3.0,1.0,0.0,87788.37,1.0
CUST0491,Female,59.0,1.0,184232.56,3.0,0.0,0.0,54950.96,1.0
CUST0492,Male,54.0,9.0,0.0,1.0,1.0,0.0,133583.98,1.0
CUST0493,Male,55.0,10.0,100386.92,4.0,0.0,0.0,121918.36,1.0
CUST0494,Female,39.0,10.0,5360.75,2.0,1.0,0.0,27302.89,1.0
CUST0495,Male,21.0,1.0,153123.7,2.0,1.0,0.0,53830.76,1.0
CUST0496,Male,65.0,5.0,157517.95,1.0,1.0,0.0,113673.52,0.0
CUST0497,Female,36.0,3.0,0.0,4.0,1.0,1.0,77629.85,0.0
CUST0498,Male,42.0,5.0,148763.64,4.0,1.0,0.0,127655.19,1.0
CUST0499,Female,49.0,5.0,66021.77,1.0,1.0,1.0,142345.71,0.0
CUST0500,Male,38.0,9.0,0.0,3.0,0.0,1.0,87807.92,0.0
CUST0501,Male,40.0,1.0,69611.5,3.0,1.0,0.0,21722.63,1.0
CUST0502,Female,64.0,5.0,82807.63,2.0,1.0,0.0,83618.94,0.0
CUST0503,Female,57.0,5.0,144029.18,4.0,1.0,1.0,40977.16,0.0
CUST0504,Female,34.0,10.0,176450.83,2.0,0.0,1.0,95678.69,1.0
CUST0505,Male,59.0,7.0,12488.7,3.0,0.0,1.0,48542.01,0.0
CUST0506,Female,25.0,9.0,83739.25,1.0,0.0,0.0,110535.87,1.0
CUST0507,Female,18.0,2.0,0.0,2.0,0.0,1.0,22878.39,0.0
CUST0508,Female,65.0,1.0,0.0,1.0,0.0,1.0,147456.62,0.0
CUST0509,Female,30.0,5.0,0.0,3.0,1.0,0.0,143687.46,0.0
CUST0510,Female,34.0,9.0,0.0,3.0,0.0,0.0,48847.06,1.0
CUST0511,Female,33.0,9.0,0.0,4.0,1.0,0.0,80457.18,0.0
CUST0512,Female,58.0,,26349.9,1.0,0.0,1.0,86373.03,0.0
CUST0513,Male,58.0,3.0,3660.17,2.0,0.0,1.0,22016.08,0.0
CUST0514,Female,19.0,8.0,175592.74,3.0,0.0,1.0,145848.56,1.0
CUST0515,Male,66.0,2.0,0.0,2.0,0.0,1.0,149633.71,0.0
CUST0516,Male,46.0,3.0,44802.15,2.0,1.0,1.0,28932.78,0.0
CUST0517,Female,69.0,10.0,70639.04,3.0,1.0,0.0,128077.8,0.0
CUST0518,Male,26.0,2.0,0.0,4.0,0.0,1.0,119646.96,
CUST0519,Male,54.0,7.0,135817.21,1.0,0.0,0.0,46941.5,1.0
CUST0520,Male,24.0,9.0,70045.57,1.0,1.0,0.0,53570.03,1.0
CUST0521,Male,38.0,10.0,0.0,1.0,1.0,1.0,40341.97,1.0
CUST0522,Male,30.0,6.0,77856.19,3.0,0.0,1.0,97970.27,0.0
CUST0523,Male,47.0,10.0,0.0,4.0,0.0,1.0,110500.3,1.0
CUST0524,Male,43.0,7.0,132242.64,1.0,1.0,1.0,110006.66,1.0
CUST0525,Male,55.0,3.0,0.0,2.0,0.0,1.0,44820.46,0.0
CUST0526,Male,30.0,4.0,164929.71,3.0,0.0,0.0,126814.23,0.0
CUST0527,Male,23.0,8.0,0.0,4.0,1.0,0.0,76205.01,1.0
CUST0528,Female,39.0,6.0,83632.95,3.0,0.0,0.0,101905.18,0.0
CUST0529,Male,65.0,6.0,86368.0,3.0,1.0,1.0,115709.75,0.0
CUST0530,Male,30.0,6.0,19771.16,3.0,0.0,1.0,111888.92,0.0
CUST0531,Female,44.0,4.0,0.0,3.0,0.0,1.0,107653.65,1.0
CUST0532,Female,44.0,3.0,114661.3,1.0,0.0,,144950.72,0.0
CUST0533,Female,38.0,3.0,81796.35,3.0,1.0,1.0,60585.53,0.0
CUST0534,,48.0,8.0,125124.87,4.0,1.0,0.0,128825.55,0.0
CUST0535,Male,52.0,3.0,0.0,1.0,1.0,0.0,95523.55,0.0
CUST0536,Male,36.0,2.0,0.0,1.0,1.0,1.0,97590.74,0.0
CUST0537,Female,63.0,2.0,0.0,3.0,0.0,0.0,149432.04,0.0
CUST0538,Male,21.0,6.0,161078.4,2.0,0.0,1.0,26935.24,0.0
CUST0539,Male,35.0,7.0,172864.64,3.0,0.0,,102113.66,1.0
CUST0540,Female,42.0,9.0,14890.33,3.0,0.0,1.0,125333.62,0.0
CUST0541,Female,57.0,6.0,0.0,1.0,0.0,1.0,42064.7,1.0
CUST0542,Female,65.0,1.0,0.0,,1.0,1.0,124365.42,0.0
CUST0543,Male,20.0,8.0,0.0,1.0,1.0,0.0,128392.95,1.0
CUST0544,Male,43.0,8.0,0.0,2.0,1.0,1.0,28648.59,1.0
CUST0545,Male,34.0,4.0,176313.63,2.0,1.0,0.0,47460.14,0.0
CUST0546,Male,64.0,8.0,0.0,3.0,1.0,1.0,124343.24,0.0
CUST0547,Female,37.0,5.0,0.0,3.0,0.0,0.0,80451.24,0.0
CUST0548,Male,47.0,4.0,0.0,3.0,1.0,0.0,107010.12,0.0
CUST0549,Male,46.0,3.0,110823.55,2.0,0.0,1.0,41855.36,2
CUST0550,Female,67.0,6.0,188534.31,4.0,0.0,0.0,88884.56,0.0
CUST0551,Female,57.0,8.0,88508.36,3.0,1.0,0.0,62413.01,1.0
CUST0552,Female,47.0,8.0,0.0,4.0,0.0,1.0,107619.25,1.0
CUST0553,Male,54.0,10.0,0.0,2.0,1.0,1.0,132405.66,1.0
CUST0554,Female,40.0,6.0,0.0,3.0,1.0,1.0,-50000.0,1.0
CUST0555,Male,55.0,10.0,101596.24,4.0,0.0,1.0,55573.25,0.0
CUST0556,Female,34.0,1.0,0.0,2.0,0.0,0.0,27407.23,1.0
CUST0557,Female,26.0,6.0,145276.21,2.0,0.0,1.0,121016.41,0.0
CUST0558,Male,32.0,7.0,0.0,4.0,0.0,1.0,68290.74,1.0
CUST0559,Female,35.0,9.0,99021.25,2.0,0.0,1.0,66982.49,0.0
CUST0560,Female,35.0,7.0,0.0,1.0,1.0,1.0,137428.74,0.0
CUST0561,Female,66.0,5.0,0.0,1.0,1.0,1.0,133048.79,0.0
CUST0562,Male,56.0,,75062.48,3.0,1.0,0.0,94214.06,1.0
CUST0563,Female,47.0,3.0,0.0,2.0,1.0,1.0,57141.98,0.0
CUST0564,Male,25.0,7.0,0.0,2.0,1.0,1.0,123705.19,1.0
CUST0565,Female,29.0,1.0,0.0,3.0,0.0,1.0,148507.81,1.0
CUST0566,Female,48.0,5.0,0.0,3.0,1.0,1.0,20084.94,0.0
CUST0567,Female,67.0,1.0,0.0,1.0,1.0,1.0,79582.07,1.0
CUST0568,Female,34.0,8.0,97739.97,3.0,0.0,0.0,57889.92,1.0
CUST0569,Female,43.0,7.0,2280.61,1.0,0.0,1.0,99982.97,0.0
CUST0570,Female,34.0,7.0,187099.25,1.0,1.0,1.0,81839.42,0.0
CUST0571,Male,47.0,5.0,0.0,4.0,0.0,1.0,107104.23,0.0
CUST0572,Male,61.0,5.0,10998.36,10.0,0.0,0.0,76963.22,0.0
CUST0573,Female,18.0,3.0,150993.08,1.0,1.0,0.0,80538.73,0.0
CUST0574,Female,25.0,8.0,184551.13,1.0,0.0,1.0,45979.37,1.0
CUST0575,Male,56.0,1.0,,1.0,0.0,0.0,128558.57,0.0
CUST0576,Female,39.0,2.0,0.0,4.0,0.0,1.0,31381.33,0.0
CUST0577,Female,68.0,8.0,0.0,2.0,0.0,1.0,141316.66,1.0
CUST0578,Female,34.0,6.0,136021.49,4.0,1.0,1.0,143130.99,0.0
CUST0579,Male,21.0,6.0,0.0,4.0,1.0,0.0,21336.98,1.0
CUST0580,Female,58.0,4.0,124915.22,3.0,1.0,1.0,64196.34,0.0
CUST0581,Female,45.0,1.0,18708.95,4.0,0.0,0.0,148029.95,0.0
CUST0582,Male,67.0,4.0,0.0,1.0,0.0,1.0,112317.24,1.0
CUST0583,Female,31.0,9.0,0.0,2.0,1.0,1.0,27812.53,0.0
CUST0584,Male,37.0,8.0,0.0,4.0,0.0,0.0,118416.25,1.0
CUST0585,Female,32.0,3.0,0.0,4.0,1.0,0.0,-50000.0,0.0
CUST0586,Female,37.0,7.0,59719.4,3.0,1.0,0.0,77207.55,0.0
CUST0587,Female,20.0,10.0,,1.0,1.0,1.0,42534.6,0.0
CUST0588,Female,69.0,6.0,136748.48,2.0,1.0,1.0,115404.81,0.0
CUST0589,Female,41.0,9.0,78633.93,1.0,0.0,1.0,48328.13,1.0
CUST0590,Male,44.0,2.0,0.0,2.0,1.0,0.0,110959.69,1.0
CUST0591,Male,27.0,9.0,188589.18,3.0,0.0,0.0,121398.48,1.0
CUST0592,Male,70.0,7.0,0.0,1.0,1.0,0.0,49415.78,1.0
CUST0593,Male,19.0,1.0,0.0,2.0,0.0,1.0,48998.07,0.0
CUST0594,Female,30.0,0.0,0.0,1.0,1.0,1.0,147863.74,1.0
CUST0595,Female,48.0,10.0,0.0,2.0,0.0,0.0,26859.48,1.0
CUST0596,Male,39.0,8.0,0.0,1.0,0.0,0.0,109539.13,1.0
CUST0597,Female,32.0,1.0,0.0,1.0,1.0,1.0,40579.51,1.0
CUST0598,Female,43.0,1.0,167083.6,2.0,0.0,1.0,93539.46,0.0
CUST0599,Female,25.0,6.0,0.0,1.0,0.0,0.0,46552.08,1.0
CUST0600,Male,22.0,6.0,0.0,1.0,1.0,1.0,141824.16,1.0
CUST0601,Male,23.0,6.0,131177.87,2.0,1.0,0.0,140653.24,0.0
CUST0602,Female,24.0,20.0,0.0,3.0,0.0,1.0,110133.57,0.0
CUST0603,Male,37.0,4.0,136589.25,4.0,1.0,1.0,61554.77,2
CUST0604,Female,24.0,2.0,22068.99,4.0,0.0,1.0,107856.98,0.0
CUST0605,Male,65.0,4.0,111709.27,4.0,1.0,1.0,40316.88,0.0
CUST0606,Female,49.0,2.0,111851.06,4.0,1.0,0.0,115093.23,0.0
CUST0607,Female,62.0,2.0,177350.17,4.0,0.0,0.0,102603.87,0.0
CUST0608,Female,52.0,10.0,63650.34,1.0,0.0,0.0,71769.61,1.0
CUST0609,Female,62.0,7.0,166753.01,4.0,1.0,0.0,76069.22,1.0
CUST0610,Female,40.0,6.0,50982.68,3.0,1.0,1.0,86832.41,0.0
CUST0611,Female,37.0,6.0,0.0,3.0,0.0,1.0,20829.28,0.0
CUST0612,Female,21.0,4.0,0.0,1.0,1.0,1.0,126655.49,0.0
CUST0613,Female,18.0,4.0,0.0,3.0,0.0,0.0,121424.6,0.0
CUST0614,Female,-5.0,7.0,92470.51,1.0,0.0,0.0,45752.42,1.0
CUST0615,Female,64.0,5.0,62136.07,3.0,1.0,0.0,40829.33,1.0
CUST0616,Female,65.0,9.0,159645.0,1.0,1.0,1.0,64270.83,0.0
CUST0617,Male,42.0,3.0,120887.44,2.0,0.0,0.0,23082.01,0.0
CUST0618,Male,62.0,7.0,27956.45,2.0,1.0,1.0,140440.29,0.0
CUST0619,Male,28.0,1.0,0.0,1.0,0.0,1.0,143078.28,0.0
CUST0620,Female,60.0,10.0,0.0,4.0,0.0,1.0,90745.83,1.0
CUST0621,Male,44.0,8.0,0.0,3.0,1.0,0.0,26574.5,1.0
CUST0622,Male,60.0,20.0,0.0,4.0,1.0,0.0,31386.87,1.0
CUST0623,Male,53.0,6.0,68153.4,1.0,1.0,0.0,47446.37,1.0
CUST0624,Male,62.0,4.0,0.0,1.0,0.0,0.0,71294.4,1.0
CUST0625,Female,36.0,10.0,0.0,3.0,0.0,1.0,91163.93,0.0
CUST0626,Female,53.0,2.0,82282.66,2.0,0.0,1.0,24507.45,0.0
CUST0627,Female,40.0,2.0,39493.63,2.0,0.0,1.0,135191.19,0.0
CUST0628,Male,53.0,9.0,0.0,2.0,1.0,1.0,107409.9,0.0
CUST0629,Male,26.0,4.0,0.0,4.0,0.0,1.0,89569.8,1.0
CUST0630,Female,21.0,2.0,0.0,2.0,0.0,0.0,35246.42,1.0
CUST0631,Male,48.0,3.0,0.0,3.0,0.0,0.0,80798.56,0.0
CUST0632,Female,69.0,10.0,86069.8,4.0,0.0,1.0,10000000.0,0.0
CUST0633, Female,70.0,8.0,0.0,1.0,1.0,0.0,22106.05,1.0
CUST0634,Female,48.0,1.0,178092.76,4.0,0.0,0.0,47341.41,0.0
CUST0635,Male,19.0,10.0,173246.91,3.0,1.0,0.0,147289.7,0.0
CUST0636,Male,62.0,3.0,65541.55,3.0,0.0,1.0,98409.52,0.0
CUST0637,Female,47.0,4.0,0.0,4.0,0.0,1.0,110006.06,0.0
CUST0638,Male,30.0,8.0,149668.58,3.0,0.0,1.0,37026.59,0.0
CUST0639,Male,37.0,2.0,0.0,4.0,1.0,1.0,82208.69,0.0
CUST0640,Female,57.0,9.0,0.0,2.0,1.0,0.0,53616.91,1.0
CUST0641,Male,19.0,1.0,134896.58,4.0,1.0,0.0,102343.53,0.0
CUST0642,Female,19.0,5.0,0.0,3.0,1.0,0.0,29021.23,1.0
CUST0643,Male,35.0,8.0,68850.76,2.0,1.0,1.0,38626.59,0.0
CUST0644,Male,53.0,6.0,105568.59,1.0,1.0,1.0,122984.86,0.0
CUST0645,Female,53.0,4.0,0.0,3.0,1.0,0.0,55354.09,1.0
CUST0646,Female,21.0,5.0,127108.61,3.0,0.0,1.0,114741.15,0.0
CUST0647,Female,62.0,7.0,0.0,2.0,1.0,0.0,32274.46,0.0
CUST0648,Female,64.0,2.0,0.0,4.0,0.0,1.0,57472.71,0.0
CUST0649,Female,60.0,1.0,0.0,1.0,1.0,0.0,39268.27,1.0
CUST0650,Male,49.0,8.0,178986.47,3.0,0.0,0.0,91904.56,0.0
CUST0651,Male,48.0,6.0,0.0,4.0,0.0,0.0,70686.97,1.0
CUST0652,Female,61.0,7.0,0.0,3.0,1.0,1.0,72614.26,1.0
CUST0653,Female,33.0,3.0,0.0,1.0,0.0,1.0,81939.97,1.0
CUST0654,Male,19.0,4.0,0.0,4.0,0.0,0.0,102211.51,1.0
CUST0655,Male,44.0,4.0,0.0,3.0,1.0,0.0,84994.67,0.0
CUST0656,Female,62.0,9.0,57623.74,3.0,0.0,0.0,130494.71,1.0
CUST0657,Female,69.0,8.0,192732.51,3.0,1.0,0.0,96123.28,1.0
CUST0658,Male,37.0,8.0,0.0,3.0,1.0,0.0,90764.84,1.0
CUST0659,Male,43.0,10.0,164193.43,2.0,0.0,0.0,109610.35,1.0
CUST0660,Male,55.0,1.0,0.0,3.0,1.0,1.0,95806.93,0.0
CUST0661,Male,24.0,7.0,0.0,4.0,1.0,1.0,92340.4,1.0
CUST0662,Female,70.0,5.0,5165.89,4.0,0.0,0.0,119648.55,0.0
CUST0663,Male,69.0,6.0,125995.79,1.0,0.0,1.0,59941.07,1.0
CUST0664,Male,58.0,7.0,158212.95,4.0,0.0,0.0,64931.25,0.0
CUST0665,Male,46.0,3.0,16267.84,2.0,0.0,1.0,84909.38,1.0
CUST0666,Female,63.0,4.0,0.0,2.0,1.0,0.0,73927.34,1.0
CUST0667,Male,64.0,5.0,88964.65,2.0,1.0,1.0,125784.03,0.0
CUST0668,Female,39.0,1.0,0.0,,1.0,0.0,98234.88,1.0
CUST0669,Female,55.0,4.0,60174.94,1.0,1.0,1.0,24951.22,0.0
CUST0670,Female,43.0,4.0,110920.86,2.0,0.0,0.0,95007.61,1.0
CUST0671,Female,36.0,4.0,0.0,3.0,0.0,1.0,138042.41,0.0
CUST0672,Female,46.0,3.0,0.0,3.0,1.0,0.0,30480.0,0.0
CUST0673,Female,43.0,7.0,100995.68,2.0,1.0,0.0,122883.27,0.0
CUST0674,Male,53.0,2.0,0.0,3.0,0.0,0.0,62002.96,0.0
CUST0675,Male,43.0,6.0,144691.15,4.0,1.0,0.0,87116.83,1.0
CUST0676,Male,54.0,9.0,179117.99,1.0,1.0,1.0,100331.1,1.0
CUST0677,Male,38.0,7.0,0.0,2.0,0.0,0.0,99349.07,1.0
CUST0678,Female,,6.0,0.0,3.0,1.0,1.0,117776.73,0.0
CUST0679,Male,61.0,10.0,0.0,2.0,1.0,0.0,85461.11,1.0
CUST0680,Male,19.0,6.0,0.0,1.0,0.0,0.0,52161.97,1.0
CUST0681,Male,56.0,3.0,0.0,2.0,0.0,1.0,27746.32,0.0
CUST0682,Male,59.0,5.0,105156.87,3.0,0.0,1.0,30413.74,0.0
CUST0683,Male,64.0,3.0,37707.35,1.0,0.0,0.0,26649.53,1.0
CUST0684,,30.0,3.0,176829.38,3.0,1.0,1.0,81676.54,0.0
CUST0685,Male,20.0,8.0,0.0,3.0,1.0,0.0,92523.58,0.0
CUST0686,Female,24.0,7.0,0.0,2.0,1.0,0.0,-50000.0,1.0
CUST0687,Female,60.0,8.0,0.0,2.0,1.0,0.0,36502.77,1.0
CUST0688,Female,65.0,9.0,0.0,3.0,1.0,0.0,114742.21,1.0
CUST0689,Female,30.0,2.0,0.0,1.0,1.0,0.0,63049.04,1.0
CUST0690,Male,26.0,8.0,130941.61,1.0,1.0,1.0,148510.2,1.0
CUST0691,Male,43.0,8.0,110422.97,4.0,0.0,1.0,83753.11,1.0
CUST0692,Female,37.0,6.0,123888.29,2.0,1.0,0.0,34607.38,1.0
CUST0693,Female,29.0,2.0,0.0,3.0,0.0,0.0,62239.96,0.0
CUST0694,Female,31.0,6.0,146318.42,1.0,0.0,0.0,116158.78,1.0
CUST0695,Male,36.0,2.0,162283.18,4.0,1.0,0.0,68375.63,0.0
CUST0696,Male,69.0,1.0,0.0,2.0,0.0,0.0,79753.8,0.0
CUST0697,Female,40.0,6.0,12776.24,4.0,0.0,1.0,149230.62,1.0
CUST0698,Male,39.0,5.0,0.0,1.0,0.0,0.0,66069.03,1.0
CUST0699,Female,40.0,7.0,0.0,3.0,1.0,0.0,51694.25,1.0
CUST0700,Male,56.0,7.0,63687.09,2.0,1.0,0.0,127574.84,1.0
CUST0701,Male,24.0,2.0,0.0,2.0,0.0,0.0,116815.77,1.0
CUST0702,Male,38.0,10.0,0.0,1.0,0.0,0.0,61249.71,1.0
CUST0703,Female,45.0,1.0,139109.47,1.0,1.0,1.0,74016.83,0.0
CUST0704,Male,55.0,6.0,5765.31,2.0,1.0,0.0,42673.2,1.0
CUST0705,Male,41.0,3.0,0.0,4.0,0.0,1.0,87779.01,0.0
CUST0706,Male,53.0,9.0,5490.34,2.0,0.0,1.0,135785.6,0.0
CUST0707,Male,36.0,7.0,86505.0,2.0,0.0,0.0,94375.99,1.0
CUST0708,Female,51.0,8.0,50124.55,1.0,0.0,0.0,96438.91,1.0
CUST0709,Female,49.0,9.0,0.0,3.0,1.0,1.0,87350.07,1.0
CUST0710,Female,41.0,4.0,0.0,3.0,1.0,0.0,132252.39,1.0
CUST0711,Male,43.0,4.0,0.0,3.0,0.0,1.0,111911.99,0.0
CUST0712,Female,32.0,2.0,0.0,1.0,1.0,1.0,115669.33,1.0
CUST0713,Female,58.0,8.0,0.0,2.0,1.0,0.0,37891.87,1.0
CUST0714,Female,54.0,10.0,171963.24,1.0,1.0,0.0,51078.63,1.0
CUST0715,Female,69.0,7.0,63207.01,4.0,0.0,0.0,146952.93,0.0
CUST0716,Female,40.0,10.0,0.0,3.0,0.0,0.0,145533.07,1.0
CUST0717,Female,34.0,2.0,193076.72,3.0,1.0,1.0,114394.46,0.0
CUST0718,Male,52.0,2.0,42109.62,4.0,0.0,0.0,71776.47,1.0
CUST0719,Male,64.0,8.0,0.0,1.0,1.0,0.0,119475.2,1.0
CUST0720,Female,36.0,6.0,128672.14,3.0,0.0,0.0,137422.25,1.0
CUST0721,Female,68.0,8.0,17398.79,4.0,0.0,1.0,90970.06,0.0
CUST0722,Female,24.0,10.0,0.0,2.0,1.0,1.0,142853.13,0.0
CUST0723,Male,42.0,7.0,100615.28,3.0,1.0,0.0,35593.88,1.0
CUST0724,Male,20.0,6.0,0.0,2.0,1.0,0.0,108744.84,1.0
CUST0725,Male,25.0,3.0,189204.19,2.0,0.0,0.0,37119.3,0.0
CUST0726,Male,25.0,8.0,0.0,3.0,0.0,1.0,59928.93,0.0
CUST0727,Female,18.0,6.0,0.0,1.0,0.0,0.0,107963.8,1.0
CUST0728,Male,53.0,5.0,0.0,1.0,0.0,1.0,127732.17,0.0
CUST0729,Male,69.0,3.0,0.0,4.0,0.0,0.0,67187.77,0.0
CUST0730,Female,41.0,4.0,23405.5,2.0,1.0,1.0,26135.57,0.0
CUST0731,Female,32.0,2.0,,3.0,0.0,1.0,142467.57,0.0
CUST0732,Female,41.0,8.0,79231.24,4.0,1.0,1.0,90753.45,0.0
CUST0733,Male,32.0,9.0,35147.68,2.0,0.0,0.0,24324.84,1.0
CUST0734,Female,42.0,6.0,0.0,2.0,1.0,0.0,78664.66,0.0
CUST0735,Female,47.0,4.0,0.0,2.0,0.0,0.0,126632.93,0.0
CUST0736,Male,66.0,1.0,0.0,2.0,1.0,0.0,105903.81,0.0
CUST0737,Female,34.0,7.0,0.0,4.0,1.0,1.0,68933.95,0.0
CUST0738,Female,26.0,5.0,172553.15,1.0,0.0,1.0,86687.32,0.0
CUST0739,Female,51.0,7.0,0.0,2.0,0.0,1.0,113962.0,1.0
CUST0740,Female,18.0,8.0,0.0,2.0,0.0,0.0,116723.72,1.0
CUST0741,Female,59.0,9.0,150126.42,2.0,1.0,1.0,50242.76,0.0
CUST0742,Male,41.0,8.0,125308.13,10.0,1.0,0.0,116081.88,0.0
CUST0743,Male,59.0,1.0,0.0,2.0,0.0,1.0,121146.02,0.0
CUST0744,Female,20.0,7.0,97163.18,3.0,1.0,1.0,52318.63,0.0
CUST0745,Female,63.0,1.0,0.0,1.0,0.0,1.0,64925.35,1.0
CUST0746,Female,29.0,10.0,0.0,2.0,1.0,1.0,127578.08,1.0
CUST0747,Female,18.0,6.0,48991.88,4.0,0.0,0.0,44326.16,1.0
CUST0748,Female,52.0,6.0,195521.76,1.0,0.0,0.0,89815.37,0.0
CUST0749,Male,47.0,2.0,0.0,2.0,1.0,0.0,41357.29,0.0
CUST0750,Female,39.0,3.0,0.0,1.0,1.0,1.0,138225.84,1.0
CUST0751,Male,69.0,5.0,0.0,1.0,0.0,0.0,52104.95,0.0
CUST0752,Female,61.0,6.0,3632.53,4.0,0.0,1.0,141523.42,0.0
CUST0753,Female,40.0,7.0,0.0,4.0,0.0,1.0,69017.01,1.0
CUST0754,Female,31.0,7.0,118852.06,2.0,1.0,0.0,78136.13,0.0
CUST0755,Male,39.0,9.0,129461.34,3.0,0.0,1.0,31368.05,0.0
CUST0756,Female,62.0,1.0,8922.48,1.0,0.0,0.0,143972.24,1.0
CUST0757,Male,32.0,4.0,36639.89,3.0,0.0,0.0,38355.88,0.0
CUST0758,Female,50.0,7.0,124428.03,2.0,0.0,1.0,119836.1,0.0
CUST0759,Female,46.0,2.0,0.0,3.0,0.0,0.0,127372.32,0.0
CUST0760,Male,60.0,7.0,0.0,2.0,1.0,1.0,140420.08,0.0
CUST0761,Male,43.0,2.0,0.0,2.0,1.0,0.0,75379.68,0.0
CUST0762,Female,64.0,10.0,113314.68,4.0,1.0,0.0,10000000.0,0.0
CUST0763,,45.0,1.0,0.0,2.0,1.0,1.0,69169.19,0.0
CUST0764,Female,30.0,9.0,137090.15,4.0,0.0,1.0,61093.17,1.0
CUST0765,Male,54.0,5.0,0.0,4.0,1.0,1.0,58737.04,1.0
CUST0766,Male,54.0,9.0,0.0,4.0,1.0,1.0,59998.28,0.0
CUST0767,Female,70.0,2.0,9999999.0,2.0,0.0,0.0,91068.04,0.0
CUST0768,Male,41.0,10.0,107377.28,2.0,1.0,1.0,139143.59,0.0
CUST0769,Female,26.0,1.0,23866.36,2.0,0.0,1.0,95806.62,0.0
CUST0770,Female,61.0,9.0,0.0,3.0,1.0,0.0,133441.37,1.0
CUST0771,Female,43.0,9.0,138591.8,4.0,0.0,1.0,127820.07,1.0
CUST0772,Male,50.0,10.0,111158.15,1.0,1.0,No,60584.94,1.0
CUST0773,Male,66.0,7.0,166754.54,4.0,1.0,0.0,98179.93,1.0
CUST0774,Male,53.0,8.0,169162.89,1.0,0.0,0.0,72243.92,1.0
CUST0775,Male,25.0,7.0,72039.5,4.0,1.0,0.0,117418.03,1.0
CUST0776,Female,43.0,7.0,0.0,1.0,1.0,0.0,33796.33,1.0
CUST0777,Male,43.0,2.0,85993.9,1.0,1.0,1.0,88256.41,0.0
CUST0778,Female,41.0,2.0,0.0,4.0,1.0,1.0,26991.66,1.0
CUST0779,Male,40.0,7.0,78151.34,4.0,1.0,1.0,131405.37,0.0
CUST0780,Male,29.0,8.0,154179.58,2.0,1.0,0.0,64413.34,0.0
CUST0781,Male,23.0,4.0,24756.82,4.0,0.0,1.0,97650.61,0.0
CUST0782,Female,24.0,3.0,0.0,1.0,0.0,0.0,120983.8,0.0
CUST0783,Male,28.0,3.0,0.0,1.0,0.0,No,102592.04,1.0
CUST0784,Male,34.0,10.0,0.0,1.0,0.0,1.0,131531.54,0.0
CUST0785,Female,52.0,7.0,190670.9,2.0,1.0,1.0,88586.44,0.0
CUST0786,Female,58.0,10.0,0.0,3.0,1.0,0.0,89221.22,1.0
CUST0787,Female,21.0,10.0,34084.81,1.0,1.0,0.0,146076.45,1.0
CUST0788,Female,19.0,1.0,144505.34,4.0,0.0,0.0,83337.56,1.0
CUST0789,Female,29.0,9.0,82170.03,3.0,1.0,0.0,114641.59,0.0
CUST0790,Female,65.0,8.0,155109.48,4.0,0.0,1.0,131280.14,0.0
CUST0791,Male,39.0,5.0,28232.19,3.0,1.0,1.0,70418.46,0.0
CUST0792,Female,43.0,6.0,0.0,4.0,1.0,1.0,130787.61,1.0
CUST0793,Male,23.0,1.0,125080.32,4.0,0.0,1.0,107458.28,0.0
CUST0794,Female,23.0,5.0,0.0,4.0,0.0,0.0,121790.03,0.0
CUST0795,Male,69.0,10.0,39796.7,1.0,1.0,1.0,28053.05,1.0
CUST0796,Male,28.0,7.0,8255.75,4.0,1.0,0.0,35336.42,1.0
CUST0797,Male,57.0,1.0,168954.7,3.0,0.0,0.0,25189.93,0.0
CUST0798,Female,67.0,6.0,131103.56,4.0,1.0,0.0,135025.03,1.0
CUST0799,Female,40.0,4.0,198659.77,2.0,1.0,1.0,87161.59,0.0
CUST0800,Female,42.0,4.0,169788.12,1.0,1.0,0.0,46190.31,1.0
CUST0801,Female,33.0,1.0,20032.5,1.0,0.0,1.0,42348.63,0.0
CUST0802,Male,43.0,6.0,0.0,3.0,1.0,,92698.36,0.0
CUST0803,Female,29.0,2.0,4189.6,2.0,0.0,0.0,98417.7,1.0
CUST0804,Female,54.0,7.0,186580.78,4.0,1.0,0.0,95623.8,0.0
CUST0805,Female,49.0,5.0,0.0,2.0,1.0,0.0,55301.56,1.0
CUST0806,Male,32.0,10.0,0.0,4.0,1.0,1.0,58740.89,0.0
CUST0807,Female,53.0,5.0,75226.97,3.0,1.0,1.0,142747.15,0.0
CUST0808,Female,38.0,1.0,196946.24,1.0,0.0,0.0,46459.53,0.0
CUST0809,Female,21.0,8.0,0.0,2.0,0.0,1.0,77957.32,0.0
CUST0810,Female,65.0,1.0,18254.61,1.0,1.0,1.0,70436.46,0.0
CUST0811,Female,22.0,2.0,0.0,3.0,1.0,0.0,107960.24,1.0
CUST0812,Female,59.0,6.0,0.0,3.0,1.0,0.0,119491.12,0.0
CUST0813,Female,27.0,9.0,0.0,1.0,0.0,0.0,51493.43,1.0
CUST0814,Male,21.0,2.0,10351.51,1.0,0.0,1.0,51071.89,
CUST0815,Male,26.0,5.0,0.0,2.0,0.0,0.0,62408.67,0.0
CUST0816,Female,21.0,9.0,27535.55,3.0,1.0,1.0,140160.24,1.0
CUST0817,Male,51.0,10.0,74501.47,2.0,0.0,1.0,144012.88,0.0
CUST0818,Female,63.0,10.0,135133.54,1.0,1.0,1.0,123435.83,1.0
CUST0819,Male,26.0,4.0,101422.82,1.0,1.0,1.0,105974.55,1.0
CUST0820,Female,48.0,8.0,0.0,2.0,0.0,1.0,80694.15,1.0
CUST0821,Female,64.0,4.0,187836.52,4.0,2.0,1.0,118400.6,0.0
CUST0822,Female,67.0,9.0,199365.03,1.0,1.0,0.0,23954.06,1.0
CUST0823,Female,61.0,10.0,0.0,4.0,0.0,0.0,146339.89,1.0
CUST0824,Male,32.0,1.0,0.0,3.0,1.0,0.0,45047.93,1.0
CUST0825,Female,53.0,4.0,0.0,4.0,0.0,0.0,41604.05,1.0
CUST0826,Male,51.0,2.0,69262.32,4.0,1.0,0.0,43291.31,0.0
CUST0827,Male,27.0,10.0,142224.6,4.0,0.0,-1.0,32570.29,0.0
CUST0828,Female,56.0,5.0,0.0,1.0,0.0,0.0,22528.25,1.0
CUST0829,Male,69.0,8.0,0.0,3.0,1.0,1.0,21366.72,0.0
CUST0830,Female,50.0,1.0,197350.83,2.0,0.0,1.0,138152.5,0.0
CUST0831,Male,44.0,5.0,189128.96,4.0,1.0,0.0,26565.96,0.0
CUST0832,Female,42.0,5.0,29420.05,3.0,1.0,0.0,56271.08,1.0
CUST0833,Male,18.0,3.0,0.0,1.0,1.0,0.0,114900.22,1.0
CUST0834,Male,62.0,7.0,15792.59,1.0,1.0,0.0,81389.44,1.0
CUST0835,Female,23.0,3.0,0.0,3.0,0.0,0.0,101278.1,0.0
CUST0836,Male,24.0,6.0,33128.09,3.0,1.0,0.0,21845.56,1.0
CUST0837,Male,53.0,3.0,0.0,2.0,0.0,1.0,89968.61,0.0
CUST0838,Female,53.0,8.0,34663.22,1.0,0.0,1.0,84783.29,0.0
CUST0839,Female,26.0,4.0,109213.63,1.0,1.0,1.0,148737.07,0.0
CUST0840,Female,34.0,8.0,0.0,1.0,0.0,0.0,23762.76,1.0
CUST0841,Female,45.0,8.0,0.0,2.0,2.0,0.0,63937.6,1.0
CUST0842,Male,38.0,1.0,150369.09,3.0,0.0,0.0,44103.15,1.0
CUST0843,Female,39.0,2.0,169114.72,3.0,1.0,1.0,105065.04,0.0
CUST0844,Female,35.0,8.0,117038.05,2.0,0.0,1.0,32018.44,0.0
CUST0845,Female,26.0,9.0,0.0,3.0,0.0,1.0,52192.11,1.0
CUST0846,Female,21.0,7.0,0.0,4.0,1.0,1.0,88392.22,0.0
CUST0847,Male,40.0,4.0,0.0,4.0,0.0,1.0,38065.97,0.0
CUST0848,Male,48.0,10.0,64825.98,2.0,1.0,1.0,146737.56,0.0
CUST0849,Male,27.0,10.0,0.0,2.0,0.0,0.0,130493.04,1.0
CUST0850,Female,56.0,7.0,2545.56,2.0,0.0,1.0,56174.8,1.0
CUST0851,Male,32.0,6.0,168918.76,4.0,0.0,0.0,37391.16,0.0
CUST0852,Male,20.0,1.0,124426.73,2.0,1.0,1.0,57664.64,0.0
CUST0853,Female,23.0,3.0,82817.72,1.0,0.0,0.0,67668.25,1.0
CUST0854,Male,21.0,8.0,0.0,4.0,0.0,0.0,28844.85,1.0
CUST0855,Male,48.0,8.0,101679.23,1.0,1.0,1.0,129832.33,1.0
CUST0856,Female,34.0,4.0,0.0,1.0,0.0,1.0,21277.58,0.0
CUST0857,Male,69.0,10.0,0.0,3.0,0.0,0.0,126092.01,0.0
CUST0858,Female,22.0,4.0,0.0,1.0,0.0,0.0,93967.82,1.0
CUST0859,Male,27.0,1.0,79961.08,4.0,1.0,0.0,20269.95,2
CUST0860,Male,43.0,7.0,35657.18,2.0,1.0,1.0,77801.6,1.0
CUST0861,Female,62.0,7.0,59992.53,1.0,0.0,1.0,104821.87,1.0
CUST0862,Male,33.0,9.0,0.0,1.0,0.0,0.0,41261.99,1.0
CUST0863,Female,63.0,6.0,61058.21,2.0,1.0,0.0,77024.37,1.0
CUST0864,Female,25.0,5.0,0.0,2.0,1.0,0.0,52734.88,0.0
CUST0865,Female,70.0,5.0,0.0,4.0,1.0,-1,37344.12,0.0
CUST0866,Female,35.0,7.0,33507.54,2.0,0.0,1.0,134026.58,
CUST0867,Male,58.0,5.0,0.0,3.0,0.0,1.0,101387.11,1.0
CUST0868,Male,62.0,10.0,52238.36,3.0,0.0,0.0,70057.55,0.0
CUST0869,Female,51.0,5.0,167159.78,4.0,0.0,0.0,115669.65,1.0
CUST0870,Male,68.0,7.0,9999999.0,4.0,1.0,0.0,140987.39,1.0
CUST0871,Male,28.0,1.0,0.0,2.0,1.0,1.0,28485.98,0.0
CUST0872,Male,35.0,1.0,0.0,3.0,1.0,0.0,119823.93,0.0
CUST0873,Male,37.0,3.0,43320.19,2.0,1.0,1.0,97050.49,0.0
CUST0874,Female,26.0,2.0,93260.79,1.0,0.0,1.0,55772.11,0.0
CUST0875,Male,38.0,1.0,68307.96,1.0,0.0,1.0,106035.39,0.0
CUST0876,Female,38.0,10.0,143349.14,2.0,1.0,0.0,36282.66,0.0
CUST0877,Male,18.0,5.0,0.0,3.0,0.0,1.0,147798.41,0.0
CUST0878,Male,19.0,6.0,147628.46,2.0,1.0,0.0,37839.53,0.0
CUST0879,Female,25.0,8.0,0.0,4.0,1.0,0.0,53053.69,1.0
CUST0880,Female,38.0,8.0,10704.5,2.0,0.0,1.0,64511.37,0.0
CUST0881,Female,32.0,10.0,150870.65,4.0,1.0,1.0,44627.65,0.0
CUST0882,Female,24.0,7.0,0.0,4.0,1.0,1.0,34233.83,1.0
CUST0883,Male,70.0,1.0,0.0,3.0,0.0,1.0,145652.66,0.0
CUST0884,Female,66.0,8.0,0.0,2.0,0.0,1.0,65822.54,1.0
CUST0885,Female,63.0,2.0,0.0,3.0,0.0,0.0,101685.13,1.0
CUST0886,Male,20.0,6.0,116172.54,1.0,1.0,1.0,111426.04,0.0
CUST0887,Male,29.0,6.0,0.0,4.0,1.0,1.0,103258.15,1.0
CUST0888,Female,18.0,5.0,7651.29,1.0,0.0,0.0,112588.63,1.0
CUST0889,Female,39.0,10.0,97231.34,3.0,1.0,0.0,146891.18,1.0
CUST0890,Female,57.0,1.0,0.0,4.0,0.0,0.0,65601.09,0.0
CUST0891,Female,43.0,3.0,0.0,3.0,0.0,1.0,20302.04,0.0
CUST0892,Female,58.0,10.0,0.0,3.0,0.0,0.0,53665.01,0.0
CUST0893,Female,50.0,5.0,189512.7,1.0,0.0,0.0,49001.22,1.0
CUST0894,Female,70.0,4.0,0.0,1.0,1.0,1.0,29234.86,0.0
CUST0895,Male,53.0,9.0,115341.86,0.0,0.0,0.0,33938.91,1.0
CUST0896,Female,41.0,4.0,168163.75,4.0,1.0,1.0,50790.43,0.0
CUST0897,Female,33.0,9.0,73813.96,1.0,1.0,1.0,27110.11,1.0
CUST0898,Male,46.0,6.0,0.0,4.0,1.0,0.0,38276.95,1.0
CUST0899,Male,66.0,5.0,37501.31,2.0,1.0,0.0,109134.73,1.0
CUST0900,Female,64.0,3.0,0.0,1.0,0.0,0.0,138325.5,1.0
CUST0901,Female,29.0,7.0,44331.99,3.0,0.0,0.0,32784.84,1.0
CUST0902,Female,60.0,1.0,190614.04,1.0,0.0,0.0,81629.91,0.0
CUST0903,Female,46.0,2.0,0.0,2.0,1.0,1.0,23655.8,0.0
CUST0904,Male,35.0,2.0,30073.22,3.0,1.0,0.0,104796.54,1.0
CUST0905,Female,59.0,6.0,4365.65,2.0,0.0,1.0,126558.01,0.0
CUST0906,Female,55.0,4.0,0.0,4.0,1.0,0.0,30915.13,0.0
CUST0907,Male,22.0,6.0,0.0,1.0,1.0,1.0,115465.5,1.0
CUST0908,Male,67.0,3.0,0.0,2.0,0.0,1.0,71926.2,0.0
CUST0909,Female,21.0,9.0,0.0,4.0,0.0,0.0,27065.25,1.0
CUST0910,Female,58.0,2.0,0.0,2.0,0.0,No,28213.8,0.0
CUST0911,Male,60.0,9.0,150816.65,3.0,0.0,1.0,95690.87,0.0
CUST0912,Female,20.0,10.0,127351.02,1.0,1.0,0.0,70738.42,0.0
CUST0913,Male,29.0,1.0,0.0,3.0,1.0,1.0,40074.05,0.0
CUST0914,Male,69.0,6.0,56151.73,,0.0,0.0,42458.38,0.0
CUST0915,Female,51.0,9.0,0.0,4.0,1.0,0.0,106364.12,1.0
CUST0916,Male,25.0,3.0,2715.18,4.0,1.0,0.0,79201.34,1.0
CUST0917,Male,59.0,7.0,0.0,3.0,0.0,0.0,54994.67,0.0
CUST0918,Male,24.0,10.0,36398.93,1.0,1.0,1.0,29010.01,1.0
CUST0919,Female,22.0,6.0,148047.16,1.0,0.0,0.0,26877.97,1.0
CUST0920,Female,70.0,10.0,0.0,1.0,1.0,1.0,83165.13,1.0
CUST0921,Male,66.0,6.0,160362.8,2.0,1.0,1.0,96210.61,0.0
CUST0922,Female,27.0,1.0,0.0,2.0,1.0,1.0,63602.89,0.0
CUST0923,Male,56.0,3.0,0.0,3.0,1.0,0.0,39426.71,0.0
CUST0924,Male,38.0,9.0,0.0,3.0,0.0,0.0,80879.08,0.0
CUST0925,Female,51.0,3.0,0.0,2.0,0.0,0.0,23669.74,0.0
CUST0926,Female,65.0,1.0,143264.79,3.0,0.0,1.0,145087.68,0.0
CUST0927,Female,47.0,4.0,0.0,4.0,0.0,0.0,136020.98,1.0
CUST0928,Male,19.0,5.0,50409.21,4.0,0.0,1.0,115239.65,0.0
CUST0929,Male,63.0,3.0,0.0,4.0,0.0,1.0,140258.39,0.0
CUST0930,Male,66.0,3.0,0.0,2.0,1.0,0.0,127307.19,1.0
CUST0931,Female,20.0,10.0,0.0,4.0,0.0,0.0,100931.11,1.0
CUST0932,Female,26.0,6.0,0.0,1.0,0.0,0.0,143129.88,1.0
CUST0933,Male,61.0,4.0,0.0,3.0,0.0,1.0,64391.02,0.0
CUST0934,Female,56.0,2.0,40981.36,3.0,1.0,0.0,57589.54,0.0
CUST0935,Female,52.0,1.0,0.0,1.0,0.0,1.0,71955.54,0.0
CUST0936,Female,48.0,7.0,52297.92,1.0,0.0,0.0,26436.64,1.0
CUST0937,Female,22.0,4.0,0.0,4.0,0.0,0.0,29387.71,0.0
CUST0938,Male,19.0,9.0,153264.62,1.0,0.0,0.0,104273.4,1.0
CUST0939,Female,30.0,3.0,0.0,1.0,0.0,0.0,87387.51,1.0
CUST0940,Male,39.0,7.0,0.0,2.0,0.0,1.0,147263.16,0.0
CUST0941,Male,41.0,8.0,150941.65,4.0,1.0,1.0,91012.19,1.0
CUST0942,Male,29.0,10.0,171374.57,4.0,1.0,1.0,54150.41,0.0
CUST0943,Female,26.0,8.0,144279.36,2.0,0.0,1.0,66288.75,0.0
CUST0944,Female,53.0,1.0,128201.16,4.0,0.0,1.0,133578.14,0.0
CUST0945,Male,24.0,4.0,119121.48,3.0,1.0,0.0,40911.84,0.0
CUST0946,Female,40.0,5.0,0.0,0.0,0.0,0.0,141701.2,1.0
CUST0947,Male,34.0,10.0,107602.11,10.0,0.0,0.0,84087.75,1.0
CUST0948,Female,40.0,1.0,166556.37,1.0,0.0,1.0,83950.64,0.0
CUST0949,Male,44.0,6.0,0.0,2.0,1.0,0.0,33886.73,1.0
CUST0950,Female,38.0,10.0,34937.07,3.0,0.0,1.0,109645.8,0.0
CUST0951,Female,33.0,8.0,0.0,1.0,0.0,1.0,62738.82,1.0
CUST0952,Female,49.0,9.0,0.0,4.0,0.0,1.0,29960.91,0.0
CUST0953,Female,55.0,3.0,0.0,1.0,0.0,0.0,142889.92,0.0
CUST0954,Female,64.0,10.0,163841.8,2.0,0.0,1.0,126719.5,0.0
CUST0955,Male,-5.0,10.0,54237.88,4.0,1.0,1.0,36063.64,1.0
CUST0956,Male,44.0,9.0,64985.07,2.0,1.0,1.0,138910.29,0.0
CUST0957,Female,52.0,8.0,53744.41,2.0,0.0,1.0,34773.99,1.0
CUST0958,Male,28.0,1.0,157557.88,2.0,0.0,0.0,39664.36,1.0
CUST0959,Female,54.0,5.0,151505.71,3.0,1.0,1.0,22343.77,0.0
CUST0960,Male,21.0,6.0,0.0,3.0,1.0,0.0,80628.7,1.0
CUST0961,Male,25.0,5.0,151551.29,2.0,1.0,1.0,72471.37,0.0
CUST0962,Female,28.0,3.0,11014.26,4.0,1.0,0.0,24221.2,0.0
CUST0963,Female,60.0,3.0,0.0,4.0,1.0,,22060.74,0.0
CUST0964,Female,22.0,4.0,13273.24,1.0,0.0,0.0,93647.36,1.0
CUST0965,Male,35.0,1.0,0.0,4.0,0.0,0.0,40740.19,0.0
CUST0966,Male,31.0,3.0,176599.43,1.0,1.0,1.0,113997.43,0.0
CUST0967,Male,49.0,7.0,22918.31,4.0,1.0,0.0,22040.47,1.0
CUST0968,Male,41.0,6.0,52109.18,1.0,1.0,1.0,45871.47,0.0
CUST0969,Female,32.0,6.0,0.0,2.0,1.0,1.0,47209.79,1.0
CUST0970,Female,24.0,7.0,0.0,2.0,,0.0,119746.29,0.0
CUST0971,Male,35.0,2.0,158000.08,2.0,1.0,0.0,110026.82,1.0
CUST0972,Male,53.0,5.0,21862.31,2.0,1.0,0.0,93546.46,1.0
CUST0973,Male,54.0,2.0,72959.86,4.0,0.0,1.0,69306.84,0.0
CUST0974,Male,70.0,2.0,191224.73,2.0,1.0,1.0,85413.29,0.0
CUST0975,Female,22.0,3.0,0.0,2.0,1.0,1.0,40690.68,0.0
CUST0976,Female,57.0,3.0,0.0,1.0,0.0,1.0,48739.3,0.0
CUST0977,Female,26.0,3.0,121736.52,1.0,1.0,0.0,113614.47,1.0
CUST0978,Female,36.0,7.0,35621.5,3.0,1.0,1.0,72042.88,0.0
CUST0979,Male,45.0,5.0,134949.16,1.0,1.0,1.0,81488.78,0.0
CUST0980,Female,54.0,9.0,92945.83,2.0,1.0,1.0,132262.38,0.0
CUST0981,Male,61.0,2.0,185746.14,1.0,0.0,1.0,96812.61,0.0
CUST0982,Female,54.0,6.0,0.0,2.0,1.0,0.0,127492.82,1.0
CUST0983,Female,44.0,1.0,0.0,2.0,1.0,1.0,132804.01,0.0
CUST0984,Female,59.0,2.0,0.0,3.0,1.0,0.0,113323.18,0.0
CUST0985,Male,67.0,9.0,59465.1,3.0,1.0,1.0,68324.51,1.0
CUST0986,Female,65.0,8.0,0.0,1.0,1.0,1.0,93528.46,1.0
CUST0987,Male,45.0,8.0,0.0,4.0,0.0,0.0,135523.47,1.0
CUST0988,Female,33.0,9.0,0.0,1.0,0.0,0.0,60893.34,1.0
CUST0989,Female,23.0,8.0,0.0,1.0,1.0,0.0,75418.7,1.0
CUST0990,Male,26.0,1.0,0.0,4.0,1.0,0.0,50873.19,0.0
CUST0991,Female,53.0,7.0,84880.73,3.0,1.0,1.0,73876.43,0.0
CUST0992,Male,47.0,8.0,21938.69,3.0,1.0,0.0,124749.31,0.0
CUST0993,Female,24.0,6.0,83412.17,1.0,1.0,0.0,149913.72,1.0
CUST0994,Female,24.0,7.0,155398.59,4.0,1.0,1.0,144152.98,0.0
CUST0995,Male,30.0,7.0,0.0,4.0,1.0,0.0,90407.6,1.0
CUST0996,Female,67.0,8.0,101240.17,2.0,1.0,0.0,63987.82,0.0
CUST0997,Female,65.0,9.0,0.0,1.0,0.0,0.0,145822.39,1.0
CUST0998,Male,22.0,9.0,0.0,3.0,0.0,1.0,86086.21,0.0
CUST0999,Male,56.0,5.0,166805.14,2.0,1.0,0.0,114544.9,0.0
CUST1000,Female,34.0,10.0,89147.25,2.0,0.0,1.0,77673.95,0.0
CUST0466,Female,46.0,3.0,0.0,1.0,1.0,0.0,75847.47,1.0
CUST0211,Male,53.0,2.0,119946.99,2.0,0.0,1.0,148977.33,0.0
CUST0629,Male,26.0,4.0,0.0,4.0,0.0,1.0,89569.8,1.0
CUST0704,Male,55.0,6.0,5765.31,2.0,1.0,0.0,42673.2,1.0
CUST0205,Male,58.0,10.0,88282.84,2.0,1.0,0.0,104538.24,1.0
CUST0075,Male,64.0,5.0,0.0,3.0,1.0,0.0,52888.72,0.0
CUST0283,Male,48.0,8.0,0.0,1.0,1.0,0.0,46739.34,1.0
CUST0426,Male,39.0,4.0,0.0,1.0,0.0,1.0,98427.93,0.0
CUST0570,Female,34.0,7.0,187099.25,1.0,1.0,1.0,81839.42,0.0
CUST0152,Male,57.0,3.0,0.0,3.0,1.0,1.0,37550.17,0.0
